A,t,architecture,strategy,interaction_index,gate_index,distance_before,movement_swaps,control_moves,target_moves
12,14,chain,historical_target_move,0,,2,1,0,1
12,14,chain,historical_target_move,1,,1,0,0,0
12,14,chain,historical_target_move,2,,1,0,0,0
12,14,chain,historical_target_move,3,,3,2,0,2
12,14,chain,historical_target_move,4,,1,0,0,0
12,14,chain,historical_target_move,5,,1,0,0,0
12,14,chain,historical_target_move,6,,1,0,0,0
12,14,chain,historical_target_move,7,,1,0,0,0
12,14,chain,historical_target_move,8,,2,1,0,1
12,14,chain,historical_target_move,9,,2,1,0,1
12,14,chain,historical_target_move,10,,1,0,0,0
12,14,chain,historical_target_move,11,,2,1,0,1
12,14,chain,historical_target_move,12,,5,4,0,4
12,14,chain,historical_target_move,13,,2,1,0,1
12,14,chain,historical_target_move,14,,4,3,0,3
12,14,chain,historical_target_move,15,,1,0,0,0
12,14,chain,historical_target_move,16,,1,0,0,0
12,14,chain,historical_target_move,17,,1,0,0,0
12,14,chain,historical_target_move,18,,4,3,0,3
12,14,chain,historical_target_move,19,,1,0,0,0
12,14,chain,historical_target_move,20,,4,3,0,3
12,14,chain,historical_target_move,21,,1,0,0,0
12,14,chain,historical_target_move,22,,1,0,0,0
12,14,chain,historical_target_move,23,,6,5,0,5
12,14,chain,historical_target_move,24,,2,1,0,1
12,14,chain,historical_target_move,25,,4,3,0,3
12,14,chain,historical_target_move,26,,1,0,0,0
12,14,chain,historical_target_move,27,,1,0,0,0
12,14,chain,historical_target_move,28,,3,2,0,2
12,14,chain,historical_target_move,29,,4,3,0,3
12,14,chain,historical_target_move,30,,4,3,0,3
12,14,chain,historical_target_move,31,,3,2,0,2
12,14,chain,historical_target_move,32,,9,8,0,8
12,14,chain,historical_target_move,33,,1,0,0,0
12,14,chain,historical_target_move,34,,1,0,0,0
12,14,chain,historical_target_move,35,,7,6,0,6
12,14,chain,historical_target_move,36,,2,1,0,1
12,14,chain,historical_target_move,37,,8,7,0,7
12,14,chain,historical_target_move,38,,9,8,0,8
12,14,chain,historical_target_move,39,,6,5,0,5
12,14,chain,historical_target_move,40,,4,3,0,3
12,14,chain,historical_target_move,41,,5,4,0,4
12,14,chain,historical_target_move,42,,1,0,0,0
12,14,chain,historical_target_move,43,,1,0,0,0
12,14,chain,historical_target_move,44,,9,8,0,8
12,14,chain,historical_target_move,45,,4,3,0,3
12,14,chain,historical_target_move,46,,1,0,0,0
12,14,chain,historical_target_move,47,,1,0,0,0
12,14,chain,historical_target_move,48,,1,0,0,0
12,14,chain,historical_target_move,49,,3,2,0,2
12,14,chain,historical_target_move,50,,8,7,0,7
12,14,chain,historical_target_move,51,,8,7,0,7
12,14,chain,historical_target_move,52,,10,9,0,9
12,14,chain,historical_target_move,53,,1,0,0,0
12,14,chain,historical_target_move,54,,1,0,0,0
12,14,chain,historical_target_move,55,,9,8,0,8
12,14,chain,historical_target_move,56,,1,0,0,0
12,14,chain,historical_target_move,57,,2,1,0,1
12,14,chain,historical_target_move,58,,9,8,0,8
12,14,chain,historical_target_move,59,,2,1,0,1
12,14,chain,historical_target_move,60,,1,0,0,0
12,14,chain,historical_target_move,61,,1,0,0,0
12,14,chain,historical_target_move,62,,1,0,0,0
12,14,chain,historical_target_move,63,,2,1,0,1
12,14,chain,historical_target_move,64,,2,1,0,1
12,14,chain,historical_target_move,65,,11,10,0,10
12,14,chain,historical_target_move,66,,1,0,0,0
12,14,chain,historical_target_move,67,,1,0,0,0
12,14,chain,historical_target_move,68,,1,0,0,0
12,14,chain,historical_target_move,69,,12,11,0,11
12,14,chain,historical_target_move,70,,10,9,0,9
12,14,chain,historical_target_move,71,,3,2,0,2
12,14,chain,historical_target_move,72,,14,13,0,13
12,14,chain,historical_target_move,73,,1,0,0,0
12,14,chain,historical_target_move,74,,1,0,0,0
12,14,chain,historical_target_move,75,,1,0,0,0
12,14,chain,historical_target_move,76,,1,0,0,0
12,14,chain,historical_target_move,77,,1,0,0,0
12,14,chain,historical_target_move,78,,3,2,0,2
12,14,chain,historical_target_move,79,,2,1,0,1
12,14,chain,historical_target_move,80,,1,0,0,0
12,14,chain,historical_target_move,81,,2,1,0,1
12,14,chain,historical_target_move,82,,3,2,0,2
12,14,chain,historical_target_move,83,,2,1,0,1
12,14,chain,historical_target_move,84,,1,0,0,0
12,14,chain,historical_target_move,85,,1,0,0,0
12,14,chain,historical_target_move,86,,1,0,0,0
12,14,chain,historical_target_move,87,,7,6,0,6
12,14,chain,historical_target_move,88,,1,0,0,0
12,14,chain,historical_target_move,89,,1,0,0,0
12,14,chain,historical_target_move,90,,2,1,0,1
12,14,chain,historical_target_move,91,,3,2,0,2
12,14,chain,historical_target_move,92,,4,3,0,3
12,14,chain,historical_target_move,93,,6,5,0,5
12,14,chain,historical_target_move,94,,5,4,0,4
12,14,chain,historical_target_move,95,,4,3,0,3
12,14,chain,historical_target_move,96,,5,4,0,4
12,14,chain,historical_target_move,97,,10,9,0,9
12,14,chain,historical_target_move,98,,4,3,0,3
12,14,chain,historical_target_move,99,,7,6,0,6
12,14,chain,historical_target_move,100,,2,1,0,1
12,14,chain,historical_target_move,101,,6,5,0,5
12,14,chain,historical_target_move,102,,3,2,0,2
12,14,chain,historical_target_move,103,,2,1,0,1
12,14,chain,historical_target_move,104,,1,0,0,0
12,14,chain,historical_target_move,105,,2,1,0,1
12,14,chain,historical_target_move,106,,8,7,0,7
12,14,chain,historical_target_move,107,,9,8,0,8
12,14,chain,historical_target_move,108,,1,0,0,0
12,14,chain,historical_target_move,109,,10,9,0,9
12,14,chain,historical_target_move,110,,11,10,0,10
12,14,chain,historical_target_move,111,,7,6,0,6
12,14,chain,historical_target_move,112,,11,10,0,10
12,14,chain,historical_target_move,113,,6,5,0,5
12,14,chain,historical_target_move,114,,8,7,0,7
12,14,chain,historical_target_move,115,,1,0,0,0
12,14,chain,historical_target_move,116,,3,2,0,2
12,14,chain,historical_target_move,117,,2,1,0,1
12,14,chain,historical_target_move,118,,2,1,0,1
12,14,chain,historical_target_move,119,,2,1,0,1
12,14,chain,historical_target_move,120,,2,1,0,1
12,14,chain,historical_target_move,121,,8,7,0,7
12,14,chain,historical_target_move,122,,9,8,0,8
12,14,chain,historical_target_move,123,,1,0,0,0
12,14,chain,historical_target_move,124,,2,1,0,1
12,14,chain,historical_target_move,125,,3,2,0,2
12,14,chain,historical_target_move,126,,10,9,0,9
12,14,chain,historical_target_move,127,,5,4,0,4
12,14,chain,historical_target_move,128,,3,2,0,2
12,14,chain,historical_target_move,129,,2,1,0,1
12,14,chain,historical_target_move,130,,10,9,0,9
12,14,chain,historical_target_move,131,,6,5,0,5
12,14,chain,historical_target_move,132,,1,0,0,0
12,14,chain,historical_target_move,133,,2,1,0,1
12,14,chain,historical_target_move,134,,3,2,0,2
12,14,chain,historical_target_move,135,,2,1,0,1
12,14,chain,historical_target_move,136,,2,1,0,1
12,14,chain,historical_target_move,137,,9,8,0,8
12,14,chain,historical_target_move,138,,1,0,0,0
12,14,chain,historical_target_move,139,,2,1,0,1
12,14,chain,historical_target_move,140,,1,0,0,0
12,14,chain,historical_target_move,141,,1,0,0,0
12,14,chain,historical_target_move,142,,1,0,0,0
12,14,chain,historical_target_move,143,,2,1,0,1
12,14,chain,historical_target_move,144,,2,1,0,1
12,14,chain,historical_target_move,145,,4,3,0,3
12,14,chain,historical_target_move,146,,6,5,0,5
12,14,chain,historical_target_move,147,,5,4,0,4
12,14,chain,historical_target_move,148,,4,3,0,3
12,14,chain,historical_target_move,149,,2,1,0,1
12,14,chain,historical_target_move,150,,8,7,0,7
12,14,chain,historical_target_move,151,,10,9,0,9
12,14,chain,historical_target_move,152,,7,6,0,6
12,14,chain,historical_target_move,153,,1,0,0,0
12,14,chain,historical_target_move,154,,1,0,0,0
12,14,chain,historical_target_move,155,,1,0,0,0
12,14,chain,historical_target_move,156,,2,1,0,1
12,14,chain,historical_target_move,157,,6,5,0,5
12,14,chain,historical_target_move,158,,7,6,0,6
12,14,chain,historical_target_move,159,,7,6,0,6
12,14,chain,historical_target_move,160,,5,4,0,4
12,14,chain,historical_target_move,161,,1,0,0,0
12,14,chain,historical_target_move,162,,5,4,0,4
12,14,chain,historical_target_move,163,,3,2,0,2
12,14,chain,historical_target_move,164,,1,0,0,0
12,14,chain,historical_target_move,165,,2,1,0,1
12,14,chain,historical_target_move,166,,5,4,0,4
12,14,chain,historical_target_move,167,,10,9,0,9
12,14,chain,historical_target_move,168,,1,0,0,0
12,14,chain,historical_target_move,169,,5,4,0,4
12,14,chain,historical_target_move,170,,3,2,0,2
12,14,chain,historical_target_move,171,,4,3,0,3
12,14,chain,historical_target_move,172,,5,4,0,4
12,14,chain,historical_target_move,173,,1,0,0,0
12,14,chain,historical_target_move,174,,3,2,0,2
12,14,chain,historical_target_move,175,,5,4,0,4
12,14,chain,historical_target_move,176,,2,1,0,1
12,14,chain,historical_target_move,177,,3,2,0,2
12,14,chain,historical_target_move,178,,3,2,0,2
12,14,chain,historical_target_move,179,,1,0,0,0
12,14,chain,historical_target_move,180,,1,0,0,0
12,14,chain,historical_target_move,181,,4,3,0,3
12,14,chain,historical_target_move,182,,5,4,0,4
12,14,chain,historical_target_move,183,,1,0,0,0
12,14,chain,historical_target_move,184,,9,8,0,8
12,14,chain,historical_target_move,185,,2,1,0,1
12,14,chain,historical_target_move,186,,7,6,0,6
12,14,chain,historical_target_move,187,,3,2,0,2
12,14,chain,historical_target_move,188,,1,0,0,0
12,14,chain,historical_target_move,189,,1,0,0,0
12,14,chain,historical_target_move,190,,1,0,0,0
12,14,chain,historical_target_move,191,,2,1,0,1
12,14,chain,historical_target_move,192,,3,2,0,2
12,14,chain,historical_target_move,193,,6,5,0,5
12,14,chain,historical_target_move,194,,2,1,0,1
12,14,chain,historical_target_move,195,,7,6,0,6
12,14,chain,historical_target_move,196,,9,8,0,8
12,14,chain,historical_target_move,197,,3,2,0,2
12,14,chain,historical_target_move,198,,1,0,0,0
12,14,chain,historical_target_move,199,,1,0,0,0
12,14,chain,historical_target_move,200,,1,0,0,0
12,14,chain,historical_target_move,201,,1,0,0,0
12,14,chain,historical_target_move,202,,9,8,0,8
12,14,chain,historical_target_move,203,,4,3,0,3
12,14,chain,historical_target_move,204,,5,4,0,4
12,14,chain,historical_target_move,205,,4,3,0,3
12,14,chain,historical_target_move,206,,1,0,0,0
12,14,chain,historical_target_move,207,,2,1,0,1
12,14,chain,historical_target_move,208,,2,1,0,1
12,14,chain,historical_target_move,209,,2,1,0,1
12,14,chain,historical_target_move,210,,1,0,0,0
12,14,chain,historical_target_move,211,,1,0,0,0
12,14,chain,historical_target_move,212,,1,0,0,0
12,14,chain,historical_target_move,213,,1,0,0,0
12,14,chain,historical_target_move,214,,3,2,0,2
12,14,chain,historical_target_move,215,,1,0,0,0
12,14,chain,historical_target_move,216,,2,1,0,1
12,14,chain,historical_target_move,217,,1,0,0,0
12,14,chain,historical_target_move,218,,1,0,0,0
12,14,chain,historical_target_move,219,,4,3,0,3
12,14,chain,historical_target_move,220,,1,0,0,0
12,14,chain,historical_target_move,221,,2,1,0,1
12,14,chain,historical_target_move,222,,2,1,0,1
12,14,chain,historical_target_move,223,,1,0,0,0
12,14,chain,historical_target_move,224,,1,0,0,0
12,14,chain,historical_target_move,225,,2,1,0,1
12,14,chain,historical_target_move,226,,2,1,0,1
12,14,chain,historical_target_move,227,,2,1,0,1
12,14,chain,historical_target_move,228,,2,1,0,1
12,14,chain,shortest_path_inverse_replay,0,,2,1,0,1
12,14,chain,shortest_path_inverse_replay,1,,1,0,0,0
12,14,chain,shortest_path_inverse_replay,2,,1,0,0,0
12,14,chain,shortest_path_inverse_replay,3,,3,2,0,2
12,14,chain,shortest_path_inverse_replay,4,,1,0,0,0
12,14,chain,shortest_path_inverse_replay,5,,1,0,0,0
12,14,chain,shortest_path_inverse_replay,6,,1,0,0,0
12,14,chain,shortest_path_inverse_replay,7,,1,0,0,0
12,14,chain,shortest_path_inverse_replay,8,,2,1,0,1
12,14,chain,shortest_path_inverse_replay,9,,2,1,0,1
12,14,chain,shortest_path_inverse_replay,10,,1,0,0,0
12,14,chain,shortest_path_inverse_replay,11,,2,1,0,1
12,14,chain,shortest_path_inverse_replay,12,,5,4,0,4
12,14,chain,shortest_path_inverse_replay,13,,2,1,0,1
12,14,chain,shortest_path_inverse_replay,14,,4,3,0,3
12,14,chain,shortest_path_inverse_replay,15,,1,0,0,0
12,14,chain,shortest_path_inverse_replay,16,,1,0,0,0
12,14,chain,shortest_path_inverse_replay,17,,1,0,0,0
12,14,chain,shortest_path_inverse_replay,18,,4,3,0,3
12,14,chain,shortest_path_inverse_replay,19,,1,0,0,0
12,14,chain,shortest_path_inverse_replay,20,,4,3,0,3
12,14,chain,shortest_path_inverse_replay,21,,1,0,0,0
12,14,chain,shortest_path_inverse_replay,22,,1,0,0,0
12,14,chain,shortest_path_inverse_replay,23,,6,5,0,5
12,14,chain,shortest_path_inverse_replay,24,,2,1,0,1
12,14,chain,shortest_path_inverse_replay,25,,4,3,0,3
12,14,chain,shortest_path_inverse_replay,26,,1,0,0,0
12,14,chain,shortest_path_inverse_replay,27,,1,0,0,0
12,14,chain,shortest_path_inverse_replay,28,,3,2,0,2
12,14,chain,shortest_path_inverse_replay,29,,4,3,0,3
12,14,chain,shortest_path_inverse_replay,30,,4,3,0,3
12,14,chain,shortest_path_inverse_replay,31,,3,2,0,2
12,14,chain,shortest_path_inverse_replay,32,,9,8,0,8
12,14,chain,shortest_path_inverse_replay,33,,1,0,0,0
12,14,chain,shortest_path_inverse_replay,34,,1,0,0,0
12,14,chain,shortest_path_inverse_replay,35,,7,6,0,6
12,14,chain,shortest_path_inverse_replay,36,,2,1,0,1
12,14,chain,shortest_path_inverse_replay,37,,8,7,0,7
12,14,chain,shortest_path_inverse_replay,38,,9,8,0,8
12,14,chain,shortest_path_inverse_replay,39,,6,5,0,5
12,14,chain,shortest_path_inverse_replay,40,,4,3,0,3
12,14,chain,shortest_path_inverse_replay,41,,5,4,0,4
12,14,chain,shortest_path_inverse_replay,42,,1,0,0,0
12,14,chain,shortest_path_inverse_replay,43,,1,0,0,0
12,14,chain,shortest_path_inverse_replay,44,,9,8,0,8
12,14,chain,shortest_path_inverse_replay,45,,4,3,0,3
12,14,chain,shortest_path_inverse_replay,46,,1,0,0,0
12,14,chain,shortest_path_inverse_replay,47,,1,0,0,0
12,14,chain,shortest_path_inverse_replay,48,,1,0,0,0
12,14,chain,shortest_path_inverse_replay,49,,3,2,0,2
12,14,chain,shortest_path_inverse_replay,50,,8,7,0,7
12,14,chain,shortest_path_inverse_replay,51,,8,7,0,7
12,14,chain,shortest_path_inverse_replay,52,,10,9,0,9
12,14,chain,shortest_path_inverse_replay,53,,1,0,0,0
12,14,chain,shortest_path_inverse_replay,54,,1,0,0,0
12,14,chain,shortest_path_inverse_replay,55,,9,8,0,8
12,14,chain,shortest_path_inverse_replay,56,,1,0,0,0
12,14,chain,shortest_path_inverse_replay,57,,2,1,0,1
12,14,chain,shortest_path_inverse_replay,58,,9,8,0,8
12,14,chain,shortest_path_inverse_replay,59,,2,1,0,1
12,14,chain,shortest_path_inverse_replay,60,,1,0,0,0
12,14,chain,shortest_path_inverse_replay,61,,1,0,0,0
12,14,chain,shortest_path_inverse_replay,62,,1,0,0,0
12,14,chain,shortest_path_inverse_replay,63,,2,1,0,1
12,14,chain,shortest_path_inverse_replay,64,,2,1,0,1
12,14,chain,shortest_path_inverse_replay,65,,11,10,0,10
12,14,chain,shortest_path_inverse_replay,66,,1,0,0,0
12,14,chain,shortest_path_inverse_replay,67,,1,0,0,0
12,14,chain,shortest_path_inverse_replay,68,,1,0,0,0
12,14,chain,shortest_path_inverse_replay,69,,12,11,0,11
12,14,chain,shortest_path_inverse_replay,70,,10,9,0,9
12,14,chain,shortest_path_inverse_replay,71,,3,2,0,2
12,14,chain,shortest_path_inverse_replay,72,,14,13,0,13
12,14,chain,shortest_path_inverse_replay,73,,1,0,0,0
12,14,chain,shortest_path_inverse_replay,74,,1,0,0,0
12,14,chain,shortest_path_inverse_replay,75,,1,0,0,0
12,14,chain,shortest_path_inverse_replay,76,,1,0,0,0
12,14,chain,shortest_path_inverse_replay,77,,1,0,0,0
12,14,chain,shortest_path_inverse_replay,78,,3,2,0,2
12,14,chain,shortest_path_inverse_replay,79,,2,1,0,1
12,14,chain,shortest_path_inverse_replay,80,,1,0,0,0
12,14,chain,shortest_path_inverse_replay,81,,2,1,0,1
12,14,chain,shortest_path_inverse_replay,82,,3,2,0,2
12,14,chain,shortest_path_inverse_replay,83,,2,1,0,1
12,14,chain,shortest_path_inverse_replay,84,,1,0,0,0
12,14,chain,shortest_path_inverse_replay,85,,1,0,0,0
12,14,chain,shortest_path_inverse_replay,86,,1,0,0,0
12,14,chain,shortest_path_inverse_replay,87,,7,6,0,6
12,14,chain,shortest_path_inverse_replay,88,,1,0,0,0
12,14,chain,shortest_path_inverse_replay,89,,1,0,0,0
12,14,chain,shortest_path_inverse_replay,90,,2,1,0,1
12,14,chain,shortest_path_inverse_replay,91,,3,2,0,2
12,14,chain,shortest_path_inverse_replay,92,,4,3,0,3
12,14,chain,shortest_path_inverse_replay,93,,6,5,0,5
12,14,chain,shortest_path_inverse_replay,94,,5,4,0,4
12,14,chain,shortest_path_inverse_replay,95,,4,3,0,3
12,14,chain,shortest_path_inverse_replay,96,,5,4,0,4
12,14,chain,shortest_path_inverse_replay,97,,10,9,0,9
12,14,chain,shortest_path_inverse_replay,98,,4,3,0,3
12,14,chain,shortest_path_inverse_replay,99,,7,6,0,6
12,14,chain,shortest_path_inverse_replay,100,,2,1,0,1
12,14,chain,shortest_path_inverse_replay,101,,6,5,0,5
12,14,chain,shortest_path_inverse_replay,102,,3,2,0,2
12,14,chain,shortest_path_inverse_replay,103,,2,1,0,1
12,14,chain,shortest_path_inverse_replay,104,,1,0,0,0
12,14,chain,shortest_path_inverse_replay,105,,2,1,0,1
12,14,chain,shortest_path_inverse_replay,106,,8,7,0,7
12,14,chain,shortest_path_inverse_replay,107,,9,8,0,8
12,14,chain,shortest_path_inverse_replay,108,,1,0,0,0
12,14,chain,shortest_path_inverse_replay,109,,10,9,0,9
12,14,chain,shortest_path_inverse_replay,110,,11,10,0,10
12,14,chain,shortest_path_inverse_replay,111,,7,6,0,6
12,14,chain,shortest_path_inverse_replay,112,,11,10,0,10
12,14,chain,shortest_path_inverse_replay,113,,6,5,0,5
12,14,chain,shortest_path_inverse_replay,114,,8,7,0,7
12,14,chain,shortest_path_inverse_replay,115,,1,0,0,0
12,14,chain,shortest_path_inverse_replay,116,,3,2,0,2
12,14,chain,shortest_path_inverse_replay,117,,2,1,0,1
12,14,chain,shortest_path_inverse_replay,118,,2,1,0,1
12,14,chain,shortest_path_inverse_replay,119,,2,1,0,1
12,14,chain,shortest_path_inverse_replay,120,,2,1,0,1
12,14,chain,shortest_path_inverse_replay,121,,8,7,0,7
12,14,chain,shortest_path_inverse_replay,122,,9,8,0,8
12,14,chain,shortest_path_inverse_replay,123,,1,0,0,0
12,14,chain,shortest_path_inverse_replay,124,,2,1,0,1
12,14,chain,shortest_path_inverse_replay,125,,3,2,0,2
12,14,chain,shortest_path_inverse_replay,126,,10,9,0,9
12,14,chain,shortest_path_inverse_replay,127,,5,4,0,4
12,14,chain,shortest_path_inverse_replay,128,,3,2,0,2
12,14,chain,shortest_path_inverse_replay,129,,2,1,0,1
12,14,chain,shortest_path_inverse_replay,130,,10,9,0,9
12,14,chain,shortest_path_inverse_replay,131,,6,5,0,5
12,14,chain,shortest_path_inverse_replay,132,,1,0,0,0
12,14,chain,shortest_path_inverse_replay,133,,2,1,0,1
12,14,chain,shortest_path_inverse_replay,134,,3,2,0,2
12,14,chain,shortest_path_inverse_replay,135,,2,1,0,1
12,14,chain,shortest_path_inverse_replay,136,,2,1,0,1
12,14,chain,shortest_path_inverse_replay,137,,9,8,0,8
12,14,chain,shortest_path_inverse_replay,138,,1,0,0,0
12,14,chain,shortest_path_inverse_replay,139,,2,1,0,1
12,14,chain,shortest_path_inverse_replay,140,,1,0,0,0
12,14,chain,shortest_path_inverse_replay,141,,1,0,0,0
12,14,chain,shortest_path_inverse_replay,142,,1,0,0,0
12,14,chain,shortest_path_inverse_replay,143,,2,1,0,1
12,14,chain,shortest_path_inverse_replay,144,,2,1,0,1
12,14,chain,shortest_path_inverse_replay,145,,4,3,0,3
12,14,chain,shortest_path_inverse_replay,146,,6,5,0,5
12,14,chain,shortest_path_inverse_replay,147,,5,4,0,4
12,14,chain,shortest_path_inverse_replay,148,,4,3,0,3
12,14,chain,shortest_path_inverse_replay,149,,2,1,0,1
12,14,chain,shortest_path_inverse_replay,150,,8,7,0,7
12,14,chain,shortest_path_inverse_replay,151,,10,9,0,9
12,14,chain,shortest_path_inverse_replay,152,,7,6,0,6
12,14,chain,shortest_path_inverse_replay,153,,1,0,0,0
12,14,chain,shortest_path_inverse_replay,154,,1,0,0,0
12,14,chain,shortest_path_inverse_replay,155,,1,0,0,0
12,14,chain,shortest_path_inverse_replay,156,,2,1,0,1
12,14,chain,shortest_path_inverse_replay,157,,6,5,0,5
12,14,chain,shortest_path_inverse_replay,158,,7,6,0,6
12,14,chain,shortest_path_inverse_replay,159,,7,6,0,6
12,14,chain,shortest_path_inverse_replay,160,,5,4,0,4
12,14,chain,shortest_path_inverse_replay,161,,1,0,0,0
12,14,chain,shortest_path_inverse_replay,162,,5,4,0,4
12,14,chain,shortest_path_inverse_replay,163,,3,2,0,2
12,14,chain,shortest_path_inverse_replay,164,,1,0,0,0
12,14,chain,shortest_path_inverse_replay,165,,2,1,0,1
12,14,chain,shortest_path_inverse_replay,166,,5,4,0,4
12,14,chain,shortest_path_inverse_replay,167,,10,9,0,9
12,14,chain,shortest_path_inverse_replay,168,,1,0,0,0
12,14,chain,shortest_path_inverse_replay,169,,5,4,0,4
12,14,chain,shortest_path_inverse_replay,170,,3,2,0,2
12,14,chain,shortest_path_inverse_replay,171,,4,3,0,3
12,14,chain,shortest_path_inverse_replay,172,,5,4,0,4
12,14,chain,shortest_path_inverse_replay,173,,1,0,0,0
12,14,chain,shortest_path_inverse_replay,174,,3,2,0,2
12,14,chain,shortest_path_inverse_replay,175,,5,4,0,4
12,14,chain,shortest_path_inverse_replay,176,,2,1,0,1
12,14,chain,shortest_path_inverse_replay,177,,3,2,0,2
12,14,chain,shortest_path_inverse_replay,178,,3,2,0,2
12,14,chain,shortest_path_inverse_replay,179,,1,0,0,0
12,14,chain,shortest_path_inverse_replay,180,,1,0,0,0
12,14,chain,shortest_path_inverse_replay,181,,4,3,0,3
12,14,chain,shortest_path_inverse_replay,182,,5,4,0,4
12,14,chain,shortest_path_inverse_replay,183,,1,0,0,0
12,14,chain,shortest_path_inverse_replay,184,,9,8,0,8
12,14,chain,shortest_path_inverse_replay,185,,2,1,0,1
12,14,chain,shortest_path_inverse_replay,186,,7,6,0,6
12,14,chain,shortest_path_inverse_replay,187,,3,2,0,2
12,14,chain,shortest_path_inverse_replay,188,,1,0,0,0
12,14,chain,shortest_path_inverse_replay,189,,1,0,0,0
12,14,chain,shortest_path_inverse_replay,190,,1,0,0,0
12,14,chain,shortest_path_inverse_replay,191,,2,1,0,1
12,14,chain,shortest_path_inverse_replay,192,,3,2,0,2
12,14,chain,shortest_path_inverse_replay,193,,6,5,0,5
12,14,chain,shortest_path_inverse_replay,194,,2,1,0,1
12,14,chain,shortest_path_inverse_replay,195,,7,6,0,6
12,14,chain,shortest_path_inverse_replay,196,,9,8,0,8
12,14,chain,shortest_path_inverse_replay,197,,3,2,0,2
12,14,chain,shortest_path_inverse_replay,198,,1,0,0,0
12,14,chain,shortest_path_inverse_replay,199,,1,0,0,0
12,14,chain,shortest_path_inverse_replay,200,,1,0,0,0
12,14,chain,shortest_path_inverse_replay,201,,1,0,0,0
12,14,chain,shortest_path_inverse_replay,202,,9,8,0,8
12,14,chain,shortest_path_inverse_replay,203,,4,3,0,3
12,14,chain,shortest_path_inverse_replay,204,,5,4,0,4
12,14,chain,shortest_path_inverse_replay,205,,4,3,0,3
12,14,chain,shortest_path_inverse_replay,206,,1,0,0,0
12,14,chain,shortest_path_inverse_replay,207,,2,1,0,1
12,14,chain,shortest_path_inverse_replay,208,,2,1,0,1
12,14,chain,shortest_path_inverse_replay,209,,2,1,0,1
12,14,chain,shortest_path_inverse_replay,210,,1,0,0,0
12,14,chain,shortest_path_inverse_replay,211,,1,0,0,0
12,14,chain,shortest_path_inverse_replay,212,,1,0,0,0
12,14,chain,shortest_path_inverse_replay,213,,1,0,0,0
12,14,chain,shortest_path_inverse_replay,214,,3,2,0,2
12,14,chain,shortest_path_inverse_replay,215,,1,0,0,0
12,14,chain,shortest_path_inverse_replay,216,,2,1,0,1
12,14,chain,shortest_path_inverse_replay,217,,1,0,0,0
12,14,chain,shortest_path_inverse_replay,218,,1,0,0,0
12,14,chain,shortest_path_inverse_replay,219,,4,3,0,3
12,14,chain,shortest_path_inverse_replay,220,,1,0,0,0
12,14,chain,shortest_path_inverse_replay,221,,2,1,0,1
12,14,chain,shortest_path_inverse_replay,222,,2,1,0,1
12,14,chain,shortest_path_inverse_replay,223,,1,0,0,0
12,14,chain,shortest_path_inverse_replay,224,,1,0,0,0
12,14,chain,shortest_path_inverse_replay,225,,2,1,0,1
12,14,chain,shortest_path_inverse_replay,226,,2,1,0,1
12,14,chain,shortest_path_inverse_replay,227,,2,1,0,1
12,14,chain,shortest_path_inverse_replay,228,,2,1,0,1
12,14,chain,common_lookahead_token_restore,0,0,2,1,1,0
12,14,chain,common_lookahead_token_restore,1,1,1,0,0,0
12,14,chain,common_lookahead_token_restore,2,2,1,0,0,0
12,14,chain,common_lookahead_token_restore,3,3,1,0,0,0
12,14,chain,common_lookahead_token_restore,4,4,1,0,0,0
12,14,chain,common_lookahead_token_restore,5,5,1,0,0,0
12,14,chain,common_lookahead_token_restore,6,10,1,0,0,0
12,14,chain,common_lookahead_token_restore,7,11,1,0,0,0
12,14,chain,common_lookahead_token_restore,8,12,2,1,1,0
12,14,chain,common_lookahead_token_restore,9,13,3,2,0,2
12,14,chain,common_lookahead_token_restore,10,17,2,1,0,1
12,14,chain,common_lookahead_token_restore,11,18,2,1,0,1
12,14,chain,common_lookahead_token_restore,12,19,5,4,0,4
12,14,chain,common_lookahead_token_restore,13,21,2,1,0,1
12,14,chain,common_lookahead_token_restore,14,22,4,3,3,0
12,14,chain,common_lookahead_token_restore,15,23,1,0,0,0
12,14,chain,common_lookahead_token_restore,16,24,1,0,0,0
12,14,chain,common_lookahead_token_restore,17,25,1,0,0,0
12,14,chain,common_lookahead_token_restore,18,28,2,1,0,1
12,14,chain,common_lookahead_token_restore,19,30,1,0,0,0
12,14,chain,common_lookahead_token_restore,20,31,2,1,0,1
12,14,chain,common_lookahead_token_restore,21,33,4,3,0,3
12,14,chain,common_lookahead_token_restore,22,34,1,0,0,0
12,14,chain,common_lookahead_token_restore,23,35,3,2,1,1
12,14,chain,common_lookahead_token_restore,24,37,1,0,0,0
12,14,chain,common_lookahead_token_restore,25,38,3,2,1,1
12,14,chain,common_lookahead_token_restore,26,39,1,0,0,0
12,14,chain,common_lookahead_token_restore,27,40,1,0,0,0
12,14,chain,common_lookahead_token_restore,28,42,4,3,0,3
12,14,chain,common_lookahead_token_restore,29,43,6,5,0,5
12,14,chain,common_lookahead_token_restore,30,46,4,3,1,2
12,14,chain,common_lookahead_token_restore,31,47,1,0,0,0
12,14,chain,common_lookahead_token_restore,32,48,4,3,3,0
12,14,chain,common_lookahead_token_restore,33,49,1,0,0,0
12,14,chain,common_lookahead_token_restore,34,50,1,0,0,0
12,14,chain,common_lookahead_token_restore,35,51,2,1,0,1
12,14,chain,common_lookahead_token_restore,36,52,3,2,2,0
12,14,chain,common_lookahead_token_restore,37,56,3,2,2,0
12,14,chain,common_lookahead_token_restore,38,57,5,4,0,4
12,14,chain,common_lookahead_token_restore,39,60,3,2,2,0
12,14,chain,common_lookahead_token_restore,40,61,2,1,1,0
12,14,chain,common_lookahead_token_restore,41,62,4,3,3,0
12,14,chain,common_lookahead_token_restore,42,63,1,0,0,0
12,14,chain,common_lookahead_token_restore,43,64,1,0,0,0
12,14,chain,common_lookahead_token_restore,44,66,1,0,0,0
12,14,chain,common_lookahead_token_restore,45,67,1,0,0,0
12,14,chain,common_lookahead_token_restore,46,68,1,0,0,0
12,14,chain,common_lookahead_token_restore,47,69,1,0,0,0
12,14,chain,common_lookahead_token_restore,48,74,1,0,0,0
12,14,chain,common_lookahead_token_restore,49,75,3,2,0,2
12,14,chain,common_lookahead_token_restore,50,76,9,8,5,3
12,14,chain,common_lookahead_token_restore,51,77,1,0,0,0
12,14,chain,common_lookahead_token_restore,52,78,3,2,2,0
12,14,chain,common_lookahead_token_restore,53,79,1,0,0,0
12,14,chain,common_lookahead_token_restore,54,80,1,0,0,0
12,14,chain,common_lookahead_token_restore,55,82,1,0,0,0
12,14,chain,common_lookahead_token_restore,56,83,1,0,0,0
12,14,chain,common_lookahead_token_restore,57,84,9,8,5,3
12,14,chain,common_lookahead_token_restore,58,86,1,0,0,0
12,14,chain,common_lookahead_token_restore,59,87,1,0,0,0
12,14,chain,common_lookahead_token_restore,60,88,1,0,0,0
12,14,chain,common_lookahead_token_restore,61,89,1,0,0,0
12,14,chain,common_lookahead_token_restore,62,90,7,6,0,6
12,14,chain,common_lookahead_token_restore,63,91,11,10,0,10
12,14,chain,common_lookahead_token_restore,64,93,3,2,0,2
12,14,chain,common_lookahead_token_restore,65,94,5,4,4,0
12,14,chain,common_lookahead_token_restore,66,95,8,7,7,0
12,14,chain,common_lookahead_token_restore,67,96,1,0,0,0
12,14,chain,common_lookahead_token_restore,68,97,1,0,0,0
12,14,chain,common_lookahead_token_restore,69,99,1,0,0,0
12,14,chain,common_lookahead_token_restore,70,100,3,2,0,2
12,14,chain,common_lookahead_token_restore,71,101,3,2,2,0
12,14,chain,common_lookahead_token_restore,72,102,8,7,7,0
12,14,chain,common_lookahead_token_restore,73,103,1,0,0,0
12,14,chain,common_lookahead_token_restore,74,104,1,0,0,0
12,14,chain,common_lookahead_token_restore,75,105,1,0,0,0
12,14,chain,common_lookahead_token_restore,76,106,1,0,0,0
12,14,chain,common_lookahead_token_restore,77,107,1,0,0,0
12,14,chain,common_lookahead_token_restore,78,109,2,1,1,0
12,14,chain,common_lookahead_token_restore,79,112,2,1,1,0
12,14,chain,common_lookahead_token_restore,80,113,1,0,0,0
12,14,chain,common_lookahead_token_restore,81,116,2,1,1,0
12,14,chain,common_lookahead_token_restore,82,117,4,3,0,3
12,14,chain,common_lookahead_token_restore,83,118,1,0,0,0
12,14,chain,common_lookahead_token_restore,84,119,1,0,0,0
12,14,chain,common_lookahead_token_restore,85,120,1,0,0,0
12,14,chain,common_lookahead_token_restore,86,124,1,0,0,0
12,14,chain,common_lookahead_token_restore,87,133,15,14,2,12
12,14,chain,common_lookahead_token_restore,88,134,1,0,0,0
12,14,chain,common_lookahead_token_restore,89,135,1,0,0,0
12,14,chain,common_lookahead_token_restore,90,138,5,4,0,4
12,14,chain,common_lookahead_token_restore,91,139,12,11,3,8
12,14,chain,common_lookahead_token_restore,92,140,9,8,0,8
12,14,chain,common_lookahead_token_restore,93,141,8,7,5,2
12,14,chain,common_lookahead_token_restore,94,142,2,1,0,1
12,14,chain,common_lookahead_token_restore,95,143,3,2,0,2
12,14,chain,common_lookahead_token_restore,96,144,8,7,7,0
12,14,chain,common_lookahead_token_restore,97,145,6,5,0,5
12,14,chain,common_lookahead_token_restore,98,150,1,0,0,0
12,14,chain,common_lookahead_token_restore,99,151,7,6,6,0
12,14,chain,common_lookahead_token_restore,100,152,4,3,0,3
12,14,chain,common_lookahead_token_restore,101,153,6,5,0,5
12,14,chain,common_lookahead_token_restore,102,154,1,0,0,0
12,14,chain,common_lookahead_token_restore,103,155,10,9,7,2
12,14,chain,common_lookahead_token_restore,104,162,5,4,2,2
12,14,chain,common_lookahead_token_restore,105,163,3,2,0,2
12,14,chain,common_lookahead_token_restore,106,164,8,7,1,6
12,14,chain,common_lookahead_token_restore,107,165,5,4,0,4
12,14,chain,common_lookahead_token_restore,108,166,5,4,1,3
12,14,chain,common_lookahead_token_restore,109,167,3,2,0,2
12,14,chain,common_lookahead_token_restore,110,168,2,1,0,1
12,14,chain,common_lookahead_token_restore,111,169,6,5,0,5
12,14,chain,common_lookahead_token_restore,112,170,6,5,0,5
12,14,chain,common_lookahead_token_restore,113,171,6,5,3,2
12,14,chain,common_lookahead_token_restore,114,181,3,2,2,0
12,14,chain,common_lookahead_token_restore,115,182,3,2,2,0
12,14,chain,common_lookahead_token_restore,116,183,1,0,0,0
12,14,chain,common_lookahead_token_restore,117,184,3,2,0,2
12,14,chain,common_lookahead_token_restore,118,185,4,3,0,3
12,14,chain,common_lookahead_token_restore,119,186,1,0,0,0
12,14,chain,common_lookahead_token_restore,120,187,2,1,1,0
12,14,chain,common_lookahead_token_restore,121,188,3,2,2,0
12,14,chain,common_lookahead_token_restore,122,189,8,7,0,7
12,14,chain,common_lookahead_token_restore,123,194,1,0,0,0
12,14,chain,common_lookahead_token_restore,124,195,3,2,2,0
12,14,chain,common_lookahead_token_restore,125,196,1,0,0,0
12,14,chain,common_lookahead_token_restore,126,197,7,6,1,5
12,14,chain,common_lookahead_token_restore,127,198,2,1,0,1
12,14,chain,common_lookahead_token_restore,128,199,6,5,1,4
12,14,chain,common_lookahead_token_restore,129,200,6,5,0,5
12,14,chain,common_lookahead_token_restore,130,201,5,4,1,3
12,14,chain,common_lookahead_token_restore,131,206,3,2,2,0
12,14,chain,common_lookahead_token_restore,132,207,3,2,0,2
12,14,chain,common_lookahead_token_restore,133,208,5,4,3,1
12,14,chain,common_lookahead_token_restore,134,209,7,6,1,5
12,14,chain,common_lookahead_token_restore,135,210,1,0,0,0
12,14,chain,common_lookahead_token_restore,136,211,2,1,1,0
12,14,chain,common_lookahead_token_restore,137,212,5,4,0,4
12,14,chain,common_lookahead_token_restore,138,213,5,4,0,4
12,14,chain,common_lookahead_token_restore,139,214,2,1,0,1
12,14,chain,common_lookahead_token_restore,140,215,1,0,0,0
12,14,chain,common_lookahead_token_restore,141,216,1,0,0,0
12,14,chain,common_lookahead_token_restore,142,222,1,0,0,0
12,14,chain,common_lookahead_token_restore,143,223,5,4,4,0
12,14,chain,common_lookahead_token_restore,144,224,4,3,0,3
12,14,chain,common_lookahead_token_restore,145,225,4,3,0,3
12,14,chain,common_lookahead_token_restore,146,226,3,2,2,0
12,14,chain,common_lookahead_token_restore,147,227,5,4,2,2
12,14,chain,common_lookahead_token_restore,148,234,1,0,0,0
12,14,chain,common_lookahead_token_restore,149,235,4,3,1,2
12,14,chain,common_lookahead_token_restore,150,236,6,5,5,0
12,14,chain,common_lookahead_token_restore,151,237,4,3,1,2
12,14,chain,common_lookahead_token_restore,152,238,1,0,0,0
12,14,chain,common_lookahead_token_restore,153,239,1,0,0,0
12,14,chain,common_lookahead_token_restore,154,240,1,0,0,0
12,14,chain,common_lookahead_token_restore,155,246,4,3,0,3
12,14,chain,common_lookahead_token_restore,156,247,3,2,0,2
12,14,chain,common_lookahead_token_restore,157,248,3,2,0,2
12,14,chain,common_lookahead_token_restore,158,249,3,2,1,1
12,14,chain,common_lookahead_token_restore,159,250,4,3,1,2
12,14,chain,common_lookahead_token_restore,160,261,1,0,0,0
12,14,chain,common_lookahead_token_restore,161,262,3,2,2,0
12,14,chain,common_lookahead_token_restore,162,263,3,2,0,2
12,14,chain,common_lookahead_token_restore,163,264,5,4,3,1
12,14,chain,common_lookahead_token_restore,164,265,1,0,0,0
12,14,chain,common_lookahead_token_restore,165,266,4,3,3,0
12,14,chain,common_lookahead_token_restore,166,267,5,4,0,4
12,14,chain,common_lookahead_token_restore,167,268,2,1,0,1
12,14,chain,common_lookahead_token_restore,168,275,1,0,0,0
12,14,chain,common_lookahead_token_restore,169,276,4,3,2,1
12,14,chain,common_lookahead_token_restore,170,277,2,1,0,1
12,14,chain,common_lookahead_token_restore,171,278,2,1,0,1
12,14,chain,common_lookahead_token_restore,172,279,2,1,0,1
12,14,chain,common_lookahead_token_restore,173,280,3,2,0,2
12,14,chain,common_lookahead_token_restore,174,281,7,6,3,3
12,14,chain,common_lookahead_token_restore,175,285,6,5,5,0
12,14,chain,common_lookahead_token_restore,176,286,6,5,4,1
12,14,chain,common_lookahead_token_restore,177,287,5,4,1,3
12,14,chain,common_lookahead_token_restore,178,288,3,2,2,0
12,14,chain,common_lookahead_token_restore,179,289,1,0,0,0
12,14,chain,common_lookahead_token_restore,180,290,1,0,0,0
12,14,chain,common_lookahead_token_restore,181,297,1,0,0,0
12,14,chain,common_lookahead_token_restore,182,298,3,2,2,0
12,14,chain,common_lookahead_token_restore,183,299,3,2,0,2
12,14,chain,common_lookahead_token_restore,184,300,4,3,2,1
12,14,chain,common_lookahead_token_restore,185,304,2,1,0,1
12,14,chain,common_lookahead_token_restore,186,305,3,2,0,2
12,14,chain,common_lookahead_token_restore,187,306,1,0,0,0
12,14,chain,common_lookahead_token_restore,188,307,1,0,0,0
12,14,chain,common_lookahead_token_restore,189,308,1,0,0,0
12,14,chain,common_lookahead_token_restore,190,312,1,0,0,0
12,14,chain,common_lookahead_token_restore,191,313,2,1,1,0
12,14,chain,common_lookahead_token_restore,192,314,3,2,1,1
12,14,chain,common_lookahead_token_restore,193,315,4,3,1,2
12,14,chain,common_lookahead_token_restore,194,320,1,0,0,0
12,14,chain,common_lookahead_token_restore,195,321,5,4,2,2
12,14,chain,common_lookahead_token_restore,196,322,4,3,1,2
12,14,chain,common_lookahead_token_restore,197,323,2,1,0,1
12,14,chain,common_lookahead_token_restore,198,324,2,1,0,1
12,14,chain,common_lookahead_token_restore,199,325,1,0,0,0
12,14,chain,common_lookahead_token_restore,200,326,1,0,0,0
12,14,chain,common_lookahead_token_restore,201,330,2,1,1,0
12,14,chain,common_lookahead_token_restore,202,331,4,3,3,0
12,14,chain,common_lookahead_token_restore,203,332,1,0,0,0
12,14,chain,common_lookahead_token_restore,204,333,5,4,3,1
12,14,chain,common_lookahead_token_restore,205,338,1,0,0,0
12,14,chain,common_lookahead_token_restore,206,339,4,3,3,0
12,14,chain,common_lookahead_token_restore,207,340,4,3,2,1
12,14,chain,common_lookahead_token_restore,208,341,2,1,1,0
12,14,chain,common_lookahead_token_restore,209,342,1,0,0,0
12,14,chain,common_lookahead_token_restore,210,343,1,0,0,0
12,14,chain,common_lookahead_token_restore,211,344,1,0,0,0
12,14,chain,common_lookahead_token_restore,212,348,4,3,2,1
12,14,chain,common_lookahead_token_restore,213,349,2,1,0,1
12,14,chain,common_lookahead_token_restore,214,350,2,1,0,1
12,14,chain,common_lookahead_token_restore,215,352,1,0,0,0
12,14,chain,common_lookahead_token_restore,216,353,1,0,0,0
12,14,chain,common_lookahead_token_restore,217,354,1,0,0,0
12,14,chain,common_lookahead_token_restore,218,355,1,0,0,0
12,14,chain,common_lookahead_token_restore,219,358,1,0,0,0
12,14,chain,common_lookahead_token_restore,220,362,1,0,0,0
12,14,chain,common_lookahead_token_restore,221,363,1,0,0,0
12,14,chain,common_lookahead_token_restore,222,364,2,1,0,1
12,14,chain,common_lookahead_token_restore,223,365,1,0,0,0
12,14,chain,common_lookahead_token_restore,224,366,1,0,0,0
12,14,chain,common_lookahead_token_restore,225,371,3,2,1,1
12,14,chain,common_lookahead_token_restore,226,372,1,0,0,0
12,14,chain,common_lookahead_token_restore,227,374,1,0,0,0
12,14,chain,common_lookahead_token_restore,228,377,2,1,1,0
12,14,ring,common_lookahead_token_restore,0,0,2,1,1,0
12,14,ring,common_lookahead_token_restore,1,1,1,0,0,0
12,14,ring,common_lookahead_token_restore,2,2,1,0,0,0
12,14,ring,common_lookahead_token_restore,3,3,1,0,0,0
12,14,ring,common_lookahead_token_restore,4,4,1,0,0,0
12,14,ring,common_lookahead_token_restore,5,5,1,0,0,0
12,14,ring,common_lookahead_token_restore,6,10,1,0,0,0
12,14,ring,common_lookahead_token_restore,7,11,1,0,0,0
12,14,ring,common_lookahead_token_restore,8,12,2,1,1,0
12,14,ring,common_lookahead_token_restore,9,13,3,2,0,2
12,14,ring,common_lookahead_token_restore,10,17,2,1,0,1
12,14,ring,common_lookahead_token_restore,11,18,2,1,0,1
12,14,ring,common_lookahead_token_restore,12,19,5,4,0,4
12,14,ring,common_lookahead_token_restore,13,21,2,1,0,1
12,14,ring,common_lookahead_token_restore,14,22,4,3,3,0
12,14,ring,common_lookahead_token_restore,15,23,1,0,0,0
12,14,ring,common_lookahead_token_restore,16,24,1,0,0,0
12,14,ring,common_lookahead_token_restore,17,25,1,0,0,0
12,14,ring,common_lookahead_token_restore,18,28,2,1,0,1
12,14,ring,common_lookahead_token_restore,19,30,1,0,0,0
12,14,ring,common_lookahead_token_restore,20,31,2,1,0,1
12,14,ring,common_lookahead_token_restore,21,33,4,3,0,3
12,14,ring,common_lookahead_token_restore,22,34,1,0,0,0
12,14,ring,common_lookahead_token_restore,23,35,3,2,1,1
12,14,ring,common_lookahead_token_restore,24,37,1,0,0,0
12,14,ring,common_lookahead_token_restore,25,38,3,2,1,1
12,14,ring,common_lookahead_token_restore,26,39,1,0,0,0
12,14,ring,common_lookahead_token_restore,27,40,1,0,0,0
12,14,ring,common_lookahead_token_restore,28,42,4,3,0,3
12,14,ring,common_lookahead_token_restore,29,43,6,5,0,5
12,14,ring,common_lookahead_token_restore,30,46,4,3,1,2
12,14,ring,common_lookahead_token_restore,31,47,1,0,0,0
12,14,ring,common_lookahead_token_restore,32,48,4,3,3,0
12,14,ring,common_lookahead_token_restore,33,49,1,0,0,0
12,14,ring,common_lookahead_token_restore,34,50,1,0,0,0
12,14,ring,common_lookahead_token_restore,35,51,2,1,0,1
12,14,ring,common_lookahead_token_restore,36,52,3,2,2,0
12,14,ring,common_lookahead_token_restore,37,56,3,2,2,0
12,14,ring,common_lookahead_token_restore,38,57,5,4,0,4
12,14,ring,common_lookahead_token_restore,39,60,3,2,2,0
12,14,ring,common_lookahead_token_restore,40,61,2,1,1,0
12,14,ring,common_lookahead_token_restore,41,62,4,3,3,0
12,14,ring,common_lookahead_token_restore,42,63,1,0,0,0
12,14,ring,common_lookahead_token_restore,43,64,1,0,0,0
12,14,ring,common_lookahead_token_restore,44,66,1,0,0,0
12,14,ring,common_lookahead_token_restore,45,67,1,0,0,0
12,14,ring,common_lookahead_token_restore,46,68,1,0,0,0
12,14,ring,common_lookahead_token_restore,47,69,1,0,0,0
12,14,ring,common_lookahead_token_restore,48,74,1,0,0,0
12,14,ring,common_lookahead_token_restore,49,75,3,2,0,2
12,14,ring,common_lookahead_token_restore,50,76,9,8,5,3
12,14,ring,common_lookahead_token_restore,51,77,1,0,0,0
12,14,ring,common_lookahead_token_restore,52,78,3,2,2,0
12,14,ring,common_lookahead_token_restore,53,79,1,0,0,0
12,14,ring,common_lookahead_token_restore,54,80,1,0,0,0
12,14,ring,common_lookahead_token_restore,55,82,1,0,0,0
12,14,ring,common_lookahead_token_restore,56,83,1,0,0,0
12,14,ring,common_lookahead_token_restore,57,84,9,8,5,3
12,14,ring,common_lookahead_token_restore,58,86,1,0,0,0
12,14,ring,common_lookahead_token_restore,59,87,1,0,0,0
12,14,ring,common_lookahead_token_restore,60,88,1,0,0,0
12,14,ring,common_lookahead_token_restore,61,89,1,0,0,0
12,14,ring,common_lookahead_token_restore,62,90,7,6,1,5
12,14,ring,common_lookahead_token_restore,63,91,8,7,0,7
12,14,ring,common_lookahead_token_restore,64,93,2,1,0,1
12,14,ring,common_lookahead_token_restore,65,94,6,5,5,0
12,14,ring,common_lookahead_token_restore,66,95,6,5,0,5
12,14,ring,common_lookahead_token_restore,67,96,1,0,0,0
12,14,ring,common_lookahead_token_restore,68,97,1,0,0,0
12,14,ring,common_lookahead_token_restore,69,99,7,6,6,0
12,14,ring,common_lookahead_token_restore,70,100,9,8,0,8
12,14,ring,common_lookahead_token_restore,71,101,8,7,0,7
12,14,ring,common_lookahead_token_restore,72,102,1,0,0,0
12,14,ring,common_lookahead_token_restore,73,103,1,0,0,0
12,14,ring,common_lookahead_token_restore,74,104,1,0,0,0
12,14,ring,common_lookahead_token_restore,75,105,1,0,0,0
12,14,ring,common_lookahead_token_restore,76,106,1,0,0,0
12,14,ring,common_lookahead_token_restore,77,107,1,0,0,0
12,14,ring,common_lookahead_token_restore,78,109,9,8,3,5
12,14,ring,common_lookahead_token_restore,79,112,3,2,2,0
12,14,ring,common_lookahead_token_restore,80,113,1,0,0,0
12,14,ring,common_lookahead_token_restore,81,116,2,1,1,0
12,14,ring,common_lookahead_token_restore,82,117,5,4,0,4
12,14,ring,common_lookahead_token_restore,83,118,1,0,0,0
12,14,ring,common_lookahead_token_restore,84,119,1,0,0,0
12,14,ring,common_lookahead_token_restore,85,120,1,0,0,0
12,14,ring,common_lookahead_token_restore,86,124,1,0,0,0
12,14,ring,common_lookahead_token_restore,87,133,5,4,1,3
12,14,ring,common_lookahead_token_restore,88,134,1,0,0,0
12,14,ring,common_lookahead_token_restore,89,135,1,0,0,0
12,14,ring,common_lookahead_token_restore,90,138,1,0,0,0
12,14,ring,common_lookahead_token_restore,91,139,4,3,0,3
12,14,ring,common_lookahead_token_restore,92,140,5,4,0,4
12,14,ring,common_lookahead_token_restore,93,141,2,1,1,0
12,14,ring,common_lookahead_token_restore,94,142,3,2,2,0
12,14,ring,common_lookahead_token_restore,95,143,1,0,0,0
12,14,ring,common_lookahead_token_restore,96,144,4,3,0,3
12,14,ring,common_lookahead_token_restore,97,145,7,6,0,6
12,14,ring,common_lookahead_token_restore,98,150,6,5,5,0
12,14,ring,common_lookahead_token_restore,99,151,5,4,2,2
12,14,ring,common_lookahead_token_restore,100,152,3,2,2,0
12,14,ring,common_lookahead_token_restore,101,153,1,0,0,0
12,14,ring,common_lookahead_token_restore,102,154,5,4,0,4
12,14,ring,common_lookahead_token_restore,103,155,1,0,0,0
12,14,ring,common_lookahead_token_restore,104,162,7,6,3,3
12,14,ring,common_lookahead_token_restore,105,163,3,2,0,2
12,14,ring,common_lookahead_token_restore,106,164,2,1,0,1
12,14,ring,common_lookahead_token_restore,107,165,8,7,7,0
12,14,ring,common_lookahead_token_restore,108,166,8,7,0,7
12,14,ring,common_lookahead_token_restore,109,167,1,0,0,0
12,14,ring,common_lookahead_token_restore,110,168,3,2,0,2
12,14,ring,common_lookahead_token_restore,111,169,2,1,1,0
12,14,ring,common_lookahead_token_restore,112,170,5,4,3,1
12,14,ring,common_lookahead_token_restore,113,171,6,5,0,5
12,14,ring,common_lookahead_token_restore,114,181,4,3,3,0
12,14,ring,common_lookahead_token_restore,115,182,6,5,5,0
12,14,ring,common_lookahead_token_restore,116,183,7,6,3,3
12,14,ring,common_lookahead_token_restore,117,184,2,1,1,0
12,14,ring,common_lookahead_token_restore,118,185,3,2,2,0
12,14,ring,common_lookahead_token_restore,119,186,1,0,0,0
12,14,ring,common_lookahead_token_restore,120,187,7,6,0,6
12,14,ring,common_lookahead_token_restore,121,188,4,3,2,1
12,14,ring,common_lookahead_token_restore,122,189,1,0,0,0
12,14,ring,common_lookahead_token_restore,123,194,1,0,0,0
12,14,ring,common_lookahead_token_restore,124,195,6,5,0,5
12,14,ring,common_lookahead_token_restore,125,196,6,5,1,4
12,14,ring,common_lookahead_token_restore,126,197,6,5,1,4
12,14,ring,common_lookahead_token_restore,127,198,5,4,0,4
12,14,ring,common_lookahead_token_restore,128,199,3,2,0,2
12,14,ring,common_lookahead_token_restore,129,200,4,3,2,1
12,14,ring,common_lookahead_token_restore,130,201,4,3,0,3
12,14,ring,common_lookahead_token_restore,131,206,1,0,0,0
12,14,ring,common_lookahead_token_restore,132,207,3,2,2,0
12,14,ring,common_lookahead_token_restore,133,208,2,1,1,0
12,14,ring,common_lookahead_token_restore,134,209,7,6,6,0
12,14,ring,common_lookahead_token_restore,135,210,7,6,5,1
12,14,ring,common_lookahead_token_restore,136,211,6,5,1,4
12,14,ring,common_lookahead_token_restore,137,212,1,0,0,0
12,14,ring,common_lookahead_token_restore,138,213,2,1,1,0
12,14,ring,common_lookahead_token_restore,139,214,1,0,0,0
12,14,ring,common_lookahead_token_restore,140,215,1,0,0,0
12,14,ring,common_lookahead_token_restore,141,216,1,0,0,0
12,14,ring,common_lookahead_token_restore,142,222,1,0,0,0
12,14,ring,common_lookahead_token_restore,143,223,3,2,0,2
12,14,ring,common_lookahead_token_restore,144,224,3,2,2,0
12,14,ring,common_lookahead_token_restore,145,225,6,5,2,3
12,14,ring,common_lookahead_token_restore,146,226,2,1,0,1
12,14,ring,common_lookahead_token_restore,147,227,3,2,0,2
12,14,ring,common_lookahead_token_restore,148,234,4,3,3,0
12,14,ring,common_lookahead_token_restore,149,235,7,6,5,1
12,14,ring,common_lookahead_token_restore,150,236,4,3,1,2
12,14,ring,common_lookahead_token_restore,151,237,4,3,0,3
12,14,ring,common_lookahead_token_restore,152,238,1,0,0,0
12,14,ring,common_lookahead_token_restore,153,239,1,0,0,0
12,14,ring,common_lookahead_token_restore,154,240,1,0,0,0
12,14,ring,common_lookahead_token_restore,155,246,2,1,0,1
12,14,ring,common_lookahead_token_restore,156,247,3,2,1,1
12,14,ring,common_lookahead_token_restore,157,248,2,1,0,1
12,14,ring,common_lookahead_token_restore,158,249,1,0,0,0
12,14,ring,common_lookahead_token_restore,159,250,6,5,2,3
12,14,ring,common_lookahead_token_restore,160,261,1,0,0,0
12,14,ring,common_lookahead_token_restore,161,262,4,3,1,2
12,14,ring,common_lookahead_token_restore,162,263,4,3,1,2
12,14,ring,common_lookahead_token_restore,163,264,4,3,1,2
12,14,ring,common_lookahead_token_restore,164,265,1,0,0,0
12,14,ring,common_lookahead_token_restore,165,266,4,3,1,2
12,14,ring,common_lookahead_token_restore,166,267,6,5,1,4
12,14,ring,common_lookahead_token_restore,167,268,7,6,5,1
12,14,ring,common_lookahead_token_restore,168,275,5,4,1,3
12,14,ring,common_lookahead_token_restore,169,276,3,2,1,1
12,14,ring,common_lookahead_token_restore,170,277,3,2,0,2
12,14,ring,common_lookahead_token_restore,171,278,2,1,0,1
12,14,ring,common_lookahead_token_restore,172,279,2,1,0,1
12,14,ring,common_lookahead_token_restore,173,280,3,2,0,2
12,14,ring,common_lookahead_token_restore,174,281,4,3,2,1
12,14,ring,common_lookahead_token_restore,175,285,2,1,1,0
12,14,ring,common_lookahead_token_restore,176,286,1,0,0,0
12,14,ring,common_lookahead_token_restore,177,287,4,3,1,2
12,14,ring,common_lookahead_token_restore,178,288,3,2,2,0
12,14,ring,common_lookahead_token_restore,179,289,1,0,0,0
12,14,ring,common_lookahead_token_restore,180,290,1,0,0,0
12,14,ring,common_lookahead_token_restore,181,297,1,0,0,0
12,14,ring,common_lookahead_token_restore,182,298,2,1,0,1
12,14,ring,common_lookahead_token_restore,183,299,1,0,0,0
12,14,ring,common_lookahead_token_restore,184,300,5,4,1,3
12,14,ring,common_lookahead_token_restore,185,304,1,0,0,0
12,14,ring,common_lookahead_token_restore,186,305,4,3,3,0
12,14,ring,common_lookahead_token_restore,187,306,2,1,0,1
12,14,ring,common_lookahead_token_restore,188,307,1,0,0,0
12,14,ring,common_lookahead_token_restore,189,308,1,0,0,0
12,14,ring,common_lookahead_token_restore,190,312,1,0,0,0
12,14,ring,common_lookahead_token_restore,191,313,5,4,3,1
12,14,ring,common_lookahead_token_restore,192,314,2,1,0,1
12,14,ring,common_lookahead_token_restore,193,315,4,3,3,0
12,14,ring,common_lookahead_token_restore,194,320,3,2,0,2
12,14,ring,common_lookahead_token_restore,195,321,3,2,2,0
12,14,ring,common_lookahead_token_restore,196,322,2,1,1,0
12,14,ring,common_lookahead_token_restore,197,323,3,2,2,0
12,14,ring,common_lookahead_token_restore,198,324,5,4,1,3
12,14,ring,common_lookahead_token_restore,199,325,1,0,0,0
12,14,ring,common_lookahead_token_restore,200,326,1,0,0,0
12,14,ring,common_lookahead_token_restore,201,330,3,2,0,2
12,14,ring,common_lookahead_token_restore,202,331,3,2,2,0
12,14,ring,common_lookahead_token_restore,203,332,1,0,0,0
12,14,ring,common_lookahead_token_restore,204,333,6,5,2,3
12,14,ring,common_lookahead_token_restore,205,338,1,0,0,0
12,14,ring,common_lookahead_token_restore,206,339,3,2,2,0
12,14,ring,common_lookahead_token_restore,207,340,3,2,1,1
12,14,ring,common_lookahead_token_restore,208,341,2,1,1,0
12,14,ring,common_lookahead_token_restore,209,342,1,0,0,0
12,14,ring,common_lookahead_token_restore,210,343,1,0,0,0
12,14,ring,common_lookahead_token_restore,211,344,1,0,0,0
12,14,ring,common_lookahead_token_restore,212,348,4,3,2,1
12,14,ring,common_lookahead_token_restore,213,349,2,1,0,1
12,14,ring,common_lookahead_token_restore,214,350,2,1,0,1
12,14,ring,common_lookahead_token_restore,215,352,1,0,0,0
12,14,ring,common_lookahead_token_restore,216,353,1,0,0,0
12,14,ring,common_lookahead_token_restore,217,354,1,0,0,0
12,14,ring,common_lookahead_token_restore,218,355,1,0,0,0
12,14,ring,common_lookahead_token_restore,219,358,1,0,0,0
12,14,ring,common_lookahead_token_restore,220,362,1,0,0,0
12,14,ring,common_lookahead_token_restore,221,363,1,0,0,0
12,14,ring,common_lookahead_token_restore,222,364,2,1,0,1
12,14,ring,common_lookahead_token_restore,223,365,1,0,0,0
12,14,ring,common_lookahead_token_restore,224,366,1,0,0,0
12,14,ring,common_lookahead_token_restore,225,371,3,2,1,1
12,14,ring,common_lookahead_token_restore,226,372,1,0,0,0
12,14,ring,common_lookahead_token_restore,227,374,1,0,0,0
12,14,ring,common_lookahead_token_restore,228,377,2,1,1,0
12,14,grid_2d,common_lookahead_token_restore,0,0,2,1,1,0
12,14,grid_2d,common_lookahead_token_restore,1,1,1,0,0,0
12,14,grid_2d,common_lookahead_token_restore,2,2,1,0,0,0
12,14,grid_2d,common_lookahead_token_restore,3,3,1,0,0,0
12,14,grid_2d,common_lookahead_token_restore,4,4,1,0,0,0
12,14,grid_2d,common_lookahead_token_restore,5,5,1,0,0,0
12,14,grid_2d,common_lookahead_token_restore,6,10,1,0,0,0
12,14,grid_2d,common_lookahead_token_restore,7,11,1,0,0,0
12,14,grid_2d,common_lookahead_token_restore,8,12,2,1,1,0
12,14,grid_2d,common_lookahead_token_restore,9,13,3,2,0,2
12,14,grid_2d,common_lookahead_token_restore,10,17,2,1,0,1
12,14,grid_2d,common_lookahead_token_restore,11,18,2,1,0,1
12,14,grid_2d,common_lookahead_token_restore,12,19,1,0,0,0
12,14,grid_2d,common_lookahead_token_restore,13,21,1,0,0,0
12,14,grid_2d,common_lookahead_token_restore,14,22,3,2,1,1
12,14,grid_2d,common_lookahead_token_restore,15,23,1,0,0,0
12,14,grid_2d,common_lookahead_token_restore,16,24,1,0,0,0
12,14,grid_2d,common_lookahead_token_restore,17,25,1,0,0,0
12,14,grid_2d,common_lookahead_token_restore,18,28,2,1,1,0
12,14,grid_2d,common_lookahead_token_restore,19,30,1,0,0,0
12,14,grid_2d,common_lookahead_token_restore,20,31,3,2,1,1
12,14,grid_2d,common_lookahead_token_restore,21,33,3,2,2,0
12,14,grid_2d,common_lookahead_token_restore,22,34,1,0,0,0
12,14,grid_2d,common_lookahead_token_restore,23,35,2,1,1,0
12,14,grid_2d,common_lookahead_token_restore,24,37,1,0,0,0
12,14,grid_2d,common_lookahead_token_restore,25,38,1,0,0,0
12,14,grid_2d,common_lookahead_token_restore,26,39,1,0,0,0
12,14,grid_2d,common_lookahead_token_restore,27,40,1,0,0,0
12,14,grid_2d,common_lookahead_token_restore,28,42,3,2,1,1
12,14,grid_2d,common_lookahead_token_restore,29,43,3,2,1,1
12,14,grid_2d,common_lookahead_token_restore,30,46,2,1,0,1
12,14,grid_2d,common_lookahead_token_restore,31,47,1,0,0,0
12,14,grid_2d,common_lookahead_token_restore,32,48,3,2,2,0
12,14,grid_2d,common_lookahead_token_restore,33,49,1,0,0,0
12,14,grid_2d,common_lookahead_token_restore,34,50,1,0,0,0
12,14,grid_2d,common_lookahead_token_restore,35,51,2,1,1,0
12,14,grid_2d,common_lookahead_token_restore,36,52,2,1,1,0
12,14,grid_2d,common_lookahead_token_restore,37,56,1,0,0,0
12,14,grid_2d,common_lookahead_token_restore,38,57,1,0,0,0
12,14,grid_2d,common_lookahead_token_restore,39,60,2,1,1,0
12,14,grid_2d,common_lookahead_token_restore,40,61,2,1,1,0
12,14,grid_2d,common_lookahead_token_restore,41,62,2,1,1,0
12,14,grid_2d,common_lookahead_token_restore,42,63,1,0,0,0
12,14,grid_2d,common_lookahead_token_restore,43,64,1,0,0,0
12,14,grid_2d,common_lookahead_token_restore,44,66,3,2,1,1
12,14,grid_2d,common_lookahead_token_restore,45,67,2,1,1,0
12,14,grid_2d,common_lookahead_token_restore,46,68,1,0,0,0
12,14,grid_2d,common_lookahead_token_restore,47,69,1,0,0,0
12,14,grid_2d,common_lookahead_token_restore,48,74,1,0,0,0
12,14,grid_2d,common_lookahead_token_restore,49,75,2,1,0,1
12,14,grid_2d,common_lookahead_token_restore,50,76,1,0,0,0
12,14,grid_2d,common_lookahead_token_restore,51,77,2,1,1,0
12,14,grid_2d,common_lookahead_token_restore,52,78,1,0,0,0
12,14,grid_2d,common_lookahead_token_restore,53,79,1,0,0,0
12,14,grid_2d,common_lookahead_token_restore,54,80,1,0,0,0
12,14,grid_2d,common_lookahead_token_restore,55,82,2,1,1,0
12,14,grid_2d,common_lookahead_token_restore,56,83,2,1,0,1
12,14,grid_2d,common_lookahead_token_restore,57,84,3,2,1,1
12,14,grid_2d,common_lookahead_token_restore,58,86,2,1,0,1
12,14,grid_2d,common_lookahead_token_restore,59,87,2,1,0,1
12,14,grid_2d,common_lookahead_token_restore,60,88,1,0,0,0
12,14,grid_2d,common_lookahead_token_restore,61,89,1,0,0,0
12,14,grid_2d,common_lookahead_token_restore,62,90,1,0,0,0
12,14,grid_2d,common_lookahead_token_restore,63,91,3,2,1,1
12,14,grid_2d,common_lookahead_token_restore,64,93,1,0,0,0
12,14,grid_2d,common_lookahead_token_restore,65,94,3,2,1,1
12,14,grid_2d,common_lookahead_token_restore,66,95,1,0,0,0
12,14,grid_2d,common_lookahead_token_restore,67,96,1,0,0,0
12,14,grid_2d,common_lookahead_token_restore,68,97,1,0,0,0
12,14,grid_2d,common_lookahead_token_restore,69,99,2,1,1,0
12,14,grid_2d,common_lookahead_token_restore,70,100,2,1,1,0
12,14,grid_2d,common_lookahead_token_restore,71,101,1,0,0,0
12,14,grid_2d,common_lookahead_token_restore,72,102,1,0,0,0
12,14,grid_2d,common_lookahead_token_restore,73,103,1,0,0,0
12,14,grid_2d,common_lookahead_token_restore,74,104,1,0,0,0
12,14,grid_2d,common_lookahead_token_restore,75,105,2,1,0,1
12,14,grid_2d,common_lookahead_token_restore,76,106,1,0,0,0
12,14,grid_2d,common_lookahead_token_restore,77,107,1,0,0,0
12,14,grid_2d,common_lookahead_token_restore,78,109,1,0,0,0
12,14,grid_2d,common_lookahead_token_restore,79,112,1,0,0,0
12,14,grid_2d,common_lookahead_token_restore,80,113,1,0,0,0
12,14,grid_2d,common_lookahead_token_restore,81,116,2,1,1,0
12,14,grid_2d,common_lookahead_token_restore,82,117,2,1,0,1
12,14,grid_2d,common_lookahead_token_restore,83,118,1,0,0,0
12,14,grid_2d,common_lookahead_token_restore,84,119,1,0,0,0
12,14,grid_2d,common_lookahead_token_restore,85,120,1,0,0,0
12,14,grid_2d,common_lookahead_token_restore,86,124,1,0,0,0
12,14,grid_2d,common_lookahead_token_restore,87,133,2,1,0,1
12,14,grid_2d,common_lookahead_token_restore,88,134,1,0,0,0
12,14,grid_2d,common_lookahead_token_restore,89,135,1,0,0,0
12,14,grid_2d,common_lookahead_token_restore,90,138,3,2,1,1
12,14,grid_2d,common_lookahead_token_restore,91,139,1,0,0,0
12,14,grid_2d,common_lookahead_token_restore,92,140,3,2,2,0
12,14,grid_2d,common_lookahead_token_restore,93,141,2,1,0,1
12,14,grid_2d,common_lookahead_token_restore,94,142,1,0,0,0
12,14,grid_2d,common_lookahead_token_restore,95,143,2,1,0,1
12,14,grid_2d,common_lookahead_token_restore,96,144,1,0,0,0
12,14,grid_2d,common_lookahead_token_restore,97,145,3,2,1,1
12,14,grid_2d,common_lookahead_token_restore,98,150,2,1,1,0
12,14,grid_2d,common_lookahead_token_restore,99,151,2,1,1,0
12,14,grid_2d,common_lookahead_token_restore,100,152,2,1,1,0
12,14,grid_2d,common_lookahead_token_restore,101,153,1,0,0,0
12,14,grid_2d,common_lookahead_token_restore,102,154,2,1,0,1
12,14,grid_2d,common_lookahead_token_restore,103,155,1,0,0,0
12,14,grid_2d,common_lookahead_token_restore,104,162,2,1,1,0
12,14,grid_2d,common_lookahead_token_restore,105,163,4,3,1,2
12,14,grid_2d,common_lookahead_token_restore,106,164,3,2,0,2
12,14,grid_2d,common_lookahead_token_restore,107,165,1,0,0,0
12,14,grid_2d,common_lookahead_token_restore,108,166,2,1,1,0
12,14,grid_2d,common_lookahead_token_restore,109,167,1,0,0,0
12,14,grid_2d,common_lookahead_token_restore,110,168,2,1,0,1
12,14,grid_2d,common_lookahead_token_restore,111,169,1,0,0,0
12,14,grid_2d,common_lookahead_token_restore,112,170,3,2,1,1
12,14,grid_2d,common_lookahead_token_restore,113,171,1,0,0,0
12,14,grid_2d,common_lookahead_token_restore,114,181,2,1,1,0
12,14,grid_2d,common_lookahead_token_restore,115,182,2,1,1,0
12,14,grid_2d,common_lookahead_token_restore,116,183,1,0,0,0
12,14,grid_2d,common_lookahead_token_restore,117,184,2,1,0,1
12,14,grid_2d,common_lookahead_token_restore,118,185,1,0,0,0
12,14,grid_2d,common_lookahead_token_restore,119,186,1,0,0,0
12,14,grid_2d,common_lookahead_token_restore,120,187,3,2,0,2
12,14,grid_2d,common_lookahead_token_restore,121,188,4,3,3,0
12,14,grid_2d,common_lookahead_token_restore,122,189,1,0,0,0
12,14,grid_2d,common_lookahead_token_restore,123,194,2,1,1,0
12,14,grid_2d,common_lookahead_token_restore,124,195,2,1,0,1
12,14,grid_2d,common_lookahead_token_restore,125,196,2,1,0,1
12,14,grid_2d,common_lookahead_token_restore,126,197,3,2,0,2
12,14,grid_2d,common_lookahead_token_restore,127,198,2,1,0,1
12,14,grid_2d,common_lookahead_token_restore,128,199,3,2,0,2
12,14,grid_2d,common_lookahead_token_restore,129,200,1,0,0,0
12,14,grid_2d,common_lookahead_token_restore,130,201,2,1,0,1
12,14,grid_2d,common_lookahead_token_restore,131,206,2,1,1,0
12,14,grid_2d,common_lookahead_token_restore,132,207,2,1,0,1
12,14,grid_2d,common_lookahead_token_restore,133,208,3,2,1,1
12,14,grid_2d,common_lookahead_token_restore,134,209,2,1,1,0
12,14,grid_2d,common_lookahead_token_restore,135,210,3,2,2,0
12,14,grid_2d,common_lookahead_token_restore,136,211,3,2,1,1
12,14,grid_2d,common_lookahead_token_restore,137,212,2,1,0,1
12,14,grid_2d,common_lookahead_token_restore,138,213,1,0,0,0
12,14,grid_2d,common_lookahead_token_restore,139,214,1,0,0,0
12,14,grid_2d,common_lookahead_token_restore,140,215,1,0,0,0
12,14,grid_2d,common_lookahead_token_restore,141,216,1,0,0,0
12,14,grid_2d,common_lookahead_token_restore,142,222,1,0,0,0
12,14,grid_2d,common_lookahead_token_restore,143,223,4,3,2,1
12,14,grid_2d,common_lookahead_token_restore,144,224,2,1,0,1
12,14,grid_2d,common_lookahead_token_restore,145,225,2,1,0,1
12,14,grid_2d,common_lookahead_token_restore,146,226,1,0,0,0
12,14,grid_2d,common_lookahead_token_restore,147,227,1,0,0,0
12,14,grid_2d,common_lookahead_token_restore,148,234,2,1,1,0
12,14,grid_2d,common_lookahead_token_restore,149,235,3,2,1,1
12,14,grid_2d,common_lookahead_token_restore,150,236,1,0,0,0
12,14,grid_2d,common_lookahead_token_restore,151,237,1,0,0,0
12,14,grid_2d,common_lookahead_token_restore,152,238,2,1,0,1
12,14,grid_2d,common_lookahead_token_restore,153,239,1,0,0,0
12,14,grid_2d,common_lookahead_token_restore,154,240,1,0,0,0
12,14,grid_2d,common_lookahead_token_restore,155,246,2,1,1,0
12,14,grid_2d,common_lookahead_token_restore,156,247,3,2,0,2
12,14,grid_2d,common_lookahead_token_restore,157,248,1,0,0,0
12,14,grid_2d,common_lookahead_token_restore,158,249,2,1,0,1
12,14,grid_2d,common_lookahead_token_restore,159,250,2,1,0,1
12,14,grid_2d,common_lookahead_token_restore,160,261,2,1,1,0
12,14,grid_2d,common_lookahead_token_restore,161,262,2,1,0,1
12,14,grid_2d,common_lookahead_token_restore,162,263,2,1,1,0
12,14,grid_2d,common_lookahead_token_restore,163,264,2,1,0,1
12,14,grid_2d,common_lookahead_token_restore,164,265,1,0,0,0
12,14,grid_2d,common_lookahead_token_restore,165,266,2,1,0,1
12,14,grid_2d,common_lookahead_token_restore,166,267,3,2,0,2
12,14,grid_2d,common_lookahead_token_restore,167,268,1,0,0,0
12,14,grid_2d,common_lookahead_token_restore,168,275,2,1,0,1
12,14,grid_2d,common_lookahead_token_restore,169,276,2,1,0,1
12,14,grid_2d,common_lookahead_token_restore,170,277,2,1,0,1
12,14,grid_2d,common_lookahead_token_restore,171,278,2,1,0,1
12,14,grid_2d,common_lookahead_token_restore,172,279,2,1,1,0
12,14,grid_2d,common_lookahead_token_restore,173,280,1,0,0,0
12,14,grid_2d,common_lookahead_token_restore,174,281,1,0,0,0
12,14,grid_2d,common_lookahead_token_restore,175,285,3,2,1,1
12,14,grid_2d,common_lookahead_token_restore,176,286,1,0,0,0
12,14,grid_2d,common_lookahead_token_restore,177,287,2,1,1,0
12,14,grid_2d,common_lookahead_token_restore,178,288,1,0,0,0
12,14,grid_2d,common_lookahead_token_restore,179,289,1,0,0,0
12,14,grid_2d,common_lookahead_token_restore,180,290,1,0,0,0
12,14,grid_2d,common_lookahead_token_restore,181,297,2,1,0,1
12,14,grid_2d,common_lookahead_token_restore,182,298,1,0,0,0
12,14,grid_2d,common_lookahead_token_restore,183,299,1,0,0,0
12,14,grid_2d,common_lookahead_token_restore,184,300,3,2,2,0
12,14,grid_2d,common_lookahead_token_restore,185,304,3,2,2,0
12,14,grid_2d,common_lookahead_token_restore,186,305,2,1,1,0
12,14,grid_2d,common_lookahead_token_restore,187,306,1,0,0,0
12,14,grid_2d,common_lookahead_token_restore,188,307,1,0,0,0
12,14,grid_2d,common_lookahead_token_restore,189,308,1,0,0,0
12,14,grid_2d,common_lookahead_token_restore,190,312,1,0,0,0
12,14,grid_2d,common_lookahead_token_restore,191,313,2,1,0,1
12,14,grid_2d,common_lookahead_token_restore,192,314,1,0,0,0
12,14,grid_2d,common_lookahead_token_restore,193,315,3,2,0,2
12,14,grid_2d,common_lookahead_token_restore,194,320,1,0,0,0
12,14,grid_2d,common_lookahead_token_restore,195,321,2,1,1,0
12,14,grid_2d,common_lookahead_token_restore,196,322,3,2,1,1
12,14,grid_2d,common_lookahead_token_restore,197,323,2,1,0,1
12,14,grid_2d,common_lookahead_token_restore,198,324,1,0,0,0
12,14,grid_2d,common_lookahead_token_restore,199,325,1,0,0,0
12,14,grid_2d,common_lookahead_token_restore,200,326,1,0,0,0
12,14,grid_2d,common_lookahead_token_restore,201,330,2,1,1,0
12,14,grid_2d,common_lookahead_token_restore,202,331,1,0,0,0
12,14,grid_2d,common_lookahead_token_restore,203,332,3,2,1,1
12,14,grid_2d,common_lookahead_token_restore,204,333,1,0,0,0
12,14,grid_2d,common_lookahead_token_restore,205,338,2,1,1,0
12,14,grid_2d,common_lookahead_token_restore,206,339,1,0,0,0
12,14,grid_2d,common_lookahead_token_restore,207,340,2,1,0,1
12,14,grid_2d,common_lookahead_token_restore,208,341,2,1,1,0
12,14,grid_2d,common_lookahead_token_restore,209,342,1,0,0,0
12,14,grid_2d,common_lookahead_token_restore,210,343,1,0,0,0
12,14,grid_2d,common_lookahead_token_restore,211,344,1,0,0,0
12,14,grid_2d,common_lookahead_token_restore,212,348,2,1,0,1
12,14,grid_2d,common_lookahead_token_restore,213,349,1,0,0,0
12,14,grid_2d,common_lookahead_token_restore,214,350,2,1,0,1
12,14,grid_2d,common_lookahead_token_restore,215,352,1,0,0,0
12,14,grid_2d,common_lookahead_token_restore,216,353,1,0,0,0
12,14,grid_2d,common_lookahead_token_restore,217,354,1,0,0,0
12,14,grid_2d,common_lookahead_token_restore,218,355,1,0,0,0
12,14,grid_2d,common_lookahead_token_restore,219,358,1,0,0,0
12,14,grid_2d,common_lookahead_token_restore,220,362,1,0,0,0
12,14,grid_2d,common_lookahead_token_restore,221,363,1,0,0,0
12,14,grid_2d,common_lookahead_token_restore,222,364,2,1,0,1
12,14,grid_2d,common_lookahead_token_restore,223,365,1,0,0,0
12,14,grid_2d,common_lookahead_token_restore,224,366,1,0,0,0
12,14,grid_2d,common_lookahead_token_restore,225,371,1,0,0,0
12,14,grid_2d,common_lookahead_token_restore,226,372,1,0,0,0
12,14,grid_2d,common_lookahead_token_restore,227,374,1,0,0,0
12,14,grid_2d,common_lookahead_token_restore,228,377,2,1,0,1
12,14,all_to_all,common_lookahead_token_restore,0,0,1,0,0,0
12,14,all_to_all,common_lookahead_token_restore,1,1,1,0,0,0
12,14,all_to_all,common_lookahead_token_restore,2,2,1,0,0,0
12,14,all_to_all,common_lookahead_token_restore,3,3,1,0,0,0
12,14,all_to_all,common_lookahead_token_restore,4,4,1,0,0,0
12,14,all_to_all,common_lookahead_token_restore,5,5,1,0,0,0
12,14,all_to_all,common_lookahead_token_restore,6,10,1,0,0,0
12,14,all_to_all,common_lookahead_token_restore,7,11,1,0,0,0
12,14,all_to_all,common_lookahead_token_restore,8,12,1,0,0,0
12,14,all_to_all,common_lookahead_token_restore,9,13,1,0,0,0
12,14,all_to_all,common_lookahead_token_restore,10,17,1,0,0,0
12,14,all_to_all,common_lookahead_token_restore,11,18,1,0,0,0
12,14,all_to_all,common_lookahead_token_restore,12,19,1,0,0,0
12,14,all_to_all,common_lookahead_token_restore,13,21,1,0,0,0
12,14,all_to_all,common_lookahead_token_restore,14,22,1,0,0,0
12,14,all_to_all,common_lookahead_token_restore,15,23,1,0,0,0
12,14,all_to_all,common_lookahead_token_restore,16,24,1,0,0,0
12,14,all_to_all,common_lookahead_token_restore,17,25,1,0,0,0
12,14,all_to_all,common_lookahead_token_restore,18,28,1,0,0,0
12,14,all_to_all,common_lookahead_token_restore,19,30,1,0,0,0
12,14,all_to_all,common_lookahead_token_restore,20,31,1,0,0,0
12,14,all_to_all,common_lookahead_token_restore,21,33,1,0,0,0
12,14,all_to_all,common_lookahead_token_restore,22,34,1,0,0,0
12,14,all_to_all,common_lookahead_token_restore,23,35,1,0,0,0
12,14,all_to_all,common_lookahead_token_restore,24,37,1,0,0,0
12,14,all_to_all,common_lookahead_token_restore,25,38,1,0,0,0
12,14,all_to_all,common_lookahead_token_restore,26,39,1,0,0,0
12,14,all_to_all,common_lookahead_token_restore,27,40,1,0,0,0
12,14,all_to_all,common_lookahead_token_restore,28,42,1,0,0,0
12,14,all_to_all,common_lookahead_token_restore,29,43,1,0,0,0
12,14,all_to_all,common_lookahead_token_restore,30,46,1,0,0,0
12,14,all_to_all,common_lookahead_token_restore,31,47,1,0,0,0
12,14,all_to_all,common_lookahead_token_restore,32,48,1,0,0,0
12,14,all_to_all,common_lookahead_token_restore,33,49,1,0,0,0
12,14,all_to_all,common_lookahead_token_restore,34,50,1,0,0,0
12,14,all_to_all,common_lookahead_token_restore,35,51,1,0,0,0
12,14,all_to_all,common_lookahead_token_restore,36,52,1,0,0,0
12,14,all_to_all,common_lookahead_token_restore,37,56,1,0,0,0
12,14,all_to_all,common_lookahead_token_restore,38,57,1,0,0,0
12,14,all_to_all,common_lookahead_token_restore,39,60,1,0,0,0
12,14,all_to_all,common_lookahead_token_restore,40,61,1,0,0,0
12,14,all_to_all,common_lookahead_token_restore,41,62,1,0,0,0
12,14,all_to_all,common_lookahead_token_restore,42,63,1,0,0,0
12,14,all_to_all,common_lookahead_token_restore,43,64,1,0,0,0
12,14,all_to_all,common_lookahead_token_restore,44,66,1,0,0,0
12,14,all_to_all,common_lookahead_token_restore,45,67,1,0,0,0
12,14,all_to_all,common_lookahead_token_restore,46,68,1,0,0,0
12,14,all_to_all,common_lookahead_token_restore,47,69,1,0,0,0
12,14,all_to_all,common_lookahead_token_restore,48,74,1,0,0,0
12,14,all_to_all,common_lookahead_token_restore,49,75,1,0,0,0
12,14,all_to_all,common_lookahead_token_restore,50,76,1,0,0,0
12,14,all_to_all,common_lookahead_token_restore,51,77,1,0,0,0
12,14,all_to_all,common_lookahead_token_restore,52,78,1,0,0,0
12,14,all_to_all,common_lookahead_token_restore,53,79,1,0,0,0
12,14,all_to_all,common_lookahead_token_restore,54,80,1,0,0,0
12,14,all_to_all,common_lookahead_token_restore,55,82,1,0,0,0
12,14,all_to_all,common_lookahead_token_restore,56,83,1,0,0,0
12,14,all_to_all,common_lookahead_token_restore,57,84,1,0,0,0
12,14,all_to_all,common_lookahead_token_restore,58,86,1,0,0,0
12,14,all_to_all,common_lookahead_token_restore,59,87,1,0,0,0
12,14,all_to_all,common_lookahead_token_restore,60,88,1,0,0,0
12,14,all_to_all,common_lookahead_token_restore,61,89,1,0,0,0
12,14,all_to_all,common_lookahead_token_restore,62,90,1,0,0,0
12,14,all_to_all,common_lookahead_token_restore,63,91,1,0,0,0
12,14,all_to_all,common_lookahead_token_restore,64,93,1,0,0,0
12,14,all_to_all,common_lookahead_token_restore,65,94,1,0,0,0
12,14,all_to_all,common_lookahead_token_restore,66,95,1,0,0,0
12,14,all_to_all,common_lookahead_token_restore,67,96,1,0,0,0
12,14,all_to_all,common_lookahead_token_restore,68,97,1,0,0,0
12,14,all_to_all,common_lookahead_token_restore,69,99,1,0,0,0
12,14,all_to_all,common_lookahead_token_restore,70,100,1,0,0,0
12,14,all_to_all,common_lookahead_token_restore,71,101,1,0,0,0
12,14,all_to_all,common_lookahead_token_restore,72,102,1,0,0,0
12,14,all_to_all,common_lookahead_token_restore,73,103,1,0,0,0
12,14,all_to_all,common_lookahead_token_restore,74,104,1,0,0,0
12,14,all_to_all,common_lookahead_token_restore,75,105,1,0,0,0
12,14,all_to_all,common_lookahead_token_restore,76,106,1,0,0,0
12,14,all_to_all,common_lookahead_token_restore,77,107,1,0,0,0
12,14,all_to_all,common_lookahead_token_restore,78,109,1,0,0,0
12,14,all_to_all,common_lookahead_token_restore,79,112,1,0,0,0
12,14,all_to_all,common_lookahead_token_restore,80,113,1,0,0,0
12,14,all_to_all,common_lookahead_token_restore,81,116,1,0,0,0
12,14,all_to_all,common_lookahead_token_restore,82,117,1,0,0,0
12,14,all_to_all,common_lookahead_token_restore,83,118,1,0,0,0
12,14,all_to_all,common_lookahead_token_restore,84,119,1,0,0,0
12,14,all_to_all,common_lookahead_token_restore,85,120,1,0,0,0
12,14,all_to_all,common_lookahead_token_restore,86,124,1,0,0,0
12,14,all_to_all,common_lookahead_token_restore,87,133,1,0,0,0
12,14,all_to_all,common_lookahead_token_restore,88,134,1,0,0,0
12,14,all_to_all,common_lookahead_token_restore,89,135,1,0,0,0
12,14,all_to_all,common_lookahead_token_restore,90,138,1,0,0,0
12,14,all_to_all,common_lookahead_token_restore,91,139,1,0,0,0
12,14,all_to_all,common_lookahead_token_restore,92,140,1,0,0,0
12,14,all_to_all,common_lookahead_token_restore,93,141,1,0,0,0
12,14,all_to_all,common_lookahead_token_restore,94,142,1,0,0,0
12,14,all_to_all,common_lookahead_token_restore,95,143,1,0,0,0
12,14,all_to_all,common_lookahead_token_restore,96,144,1,0,0,0
12,14,all_to_all,common_lookahead_token_restore,97,145,1,0,0,0
12,14,all_to_all,common_lookahead_token_restore,98,150,1,0,0,0
12,14,all_to_all,common_lookahead_token_restore,99,151,1,0,0,0
12,14,all_to_all,common_lookahead_token_restore,100,152,1,0,0,0
12,14,all_to_all,common_lookahead_token_restore,101,153,1,0,0,0
12,14,all_to_all,common_lookahead_token_restore,102,154,1,0,0,0
12,14,all_to_all,common_lookahead_token_restore,103,155,1,0,0,0
12,14,all_to_all,common_lookahead_token_restore,104,162,1,0,0,0
12,14,all_to_all,common_lookahead_token_restore,105,163,1,0,0,0
12,14,all_to_all,common_lookahead_token_restore,106,164,1,0,0,0
12,14,all_to_all,common_lookahead_token_restore,107,165,1,0,0,0
12,14,all_to_all,common_lookahead_token_restore,108,166,1,0,0,0
12,14,all_to_all,common_lookahead_token_restore,109,167,1,0,0,0
12,14,all_to_all,common_lookahead_token_restore,110,168,1,0,0,0
12,14,all_to_all,common_lookahead_token_restore,111,169,1,0,0,0
12,14,all_to_all,common_lookahead_token_restore,112,170,1,0,0,0
12,14,all_to_all,common_lookahead_token_restore,113,171,1,0,0,0
12,14,all_to_all,common_lookahead_token_restore,114,181,1,0,0,0
12,14,all_to_all,common_lookahead_token_restore,115,182,1,0,0,0
12,14,all_to_all,common_lookahead_token_restore,116,183,1,0,0,0
12,14,all_to_all,common_lookahead_token_restore,117,184,1,0,0,0
12,14,all_to_all,common_lookahead_token_restore,118,185,1,0,0,0
12,14,all_to_all,common_lookahead_token_restore,119,186,1,0,0,0
12,14,all_to_all,common_lookahead_token_restore,120,187,1,0,0,0
12,14,all_to_all,common_lookahead_token_restore,121,188,1,0,0,0
12,14,all_to_all,common_lookahead_token_restore,122,189,1,0,0,0
12,14,all_to_all,common_lookahead_token_restore,123,194,1,0,0,0
12,14,all_to_all,common_lookahead_token_restore,124,195,1,0,0,0
12,14,all_to_all,common_lookahead_token_restore,125,196,1,0,0,0
12,14,all_to_all,common_lookahead_token_restore,126,197,1,0,0,0
12,14,all_to_all,common_lookahead_token_restore,127,198,1,0,0,0
12,14,all_to_all,common_lookahead_token_restore,128,199,1,0,0,0
12,14,all_to_all,common_lookahead_token_restore,129,200,1,0,0,0
12,14,all_to_all,common_lookahead_token_restore,130,201,1,0,0,0
12,14,all_to_all,common_lookahead_token_restore,131,206,1,0,0,0
12,14,all_to_all,common_lookahead_token_restore,132,207,1,0,0,0
12,14,all_to_all,common_lookahead_token_restore,133,208,1,0,0,0
12,14,all_to_all,common_lookahead_token_restore,134,209,1,0,0,0
12,14,all_to_all,common_lookahead_token_restore,135,210,1,0,0,0
12,14,all_to_all,common_lookahead_token_restore,136,211,1,0,0,0
12,14,all_to_all,common_lookahead_token_restore,137,212,1,0,0,0
12,14,all_to_all,common_lookahead_token_restore,138,213,1,0,0,0
12,14,all_to_all,common_lookahead_token_restore,139,214,1,0,0,0
12,14,all_to_all,common_lookahead_token_restore,140,215,1,0,0,0
12,14,all_to_all,common_lookahead_token_restore,141,216,1,0,0,0
12,14,all_to_all,common_lookahead_token_restore,142,222,1,0,0,0
12,14,all_to_all,common_lookahead_token_restore,143,223,1,0,0,0
12,14,all_to_all,common_lookahead_token_restore,144,224,1,0,0,0
12,14,all_to_all,common_lookahead_token_restore,145,225,1,0,0,0
12,14,all_to_all,common_lookahead_token_restore,146,226,1,0,0,0
12,14,all_to_all,common_lookahead_token_restore,147,227,1,0,0,0
12,14,all_to_all,common_lookahead_token_restore,148,234,1,0,0,0
12,14,all_to_all,common_lookahead_token_restore,149,235,1,0,0,0
12,14,all_to_all,common_lookahead_token_restore,150,236,1,0,0,0
12,14,all_to_all,common_lookahead_token_restore,151,237,1,0,0,0
12,14,all_to_all,common_lookahead_token_restore,152,238,1,0,0,0
12,14,all_to_all,common_lookahead_token_restore,153,239,1,0,0,0
12,14,all_to_all,common_lookahead_token_restore,154,240,1,0,0,0
12,14,all_to_all,common_lookahead_token_restore,155,246,1,0,0,0
12,14,all_to_all,common_lookahead_token_restore,156,247,1,0,0,0
12,14,all_to_all,common_lookahead_token_restore,157,248,1,0,0,0
12,14,all_to_all,common_lookahead_token_restore,158,249,1,0,0,0
12,14,all_to_all,common_lookahead_token_restore,159,250,1,0,0,0
12,14,all_to_all,common_lookahead_token_restore,160,261,1,0,0,0
12,14,all_to_all,common_lookahead_token_restore,161,262,1,0,0,0
12,14,all_to_all,common_lookahead_token_restore,162,263,1,0,0,0
12,14,all_to_all,common_lookahead_token_restore,163,264,1,0,0,0
12,14,all_to_all,common_lookahead_token_restore,164,265,1,0,0,0
12,14,all_to_all,common_lookahead_token_restore,165,266,1,0,0,0
12,14,all_to_all,common_lookahead_token_restore,166,267,1,0,0,0
12,14,all_to_all,common_lookahead_token_restore,167,268,1,0,0,0
12,14,all_to_all,common_lookahead_token_restore,168,275,1,0,0,0
12,14,all_to_all,common_lookahead_token_restore,169,276,1,0,0,0
12,14,all_to_all,common_lookahead_token_restore,170,277,1,0,0,0
12,14,all_to_all,common_lookahead_token_restore,171,278,1,0,0,0
12,14,all_to_all,common_lookahead_token_restore,172,279,1,0,0,0
12,14,all_to_all,common_lookahead_token_restore,173,280,1,0,0,0
12,14,all_to_all,common_lookahead_token_restore,174,281,1,0,0,0
12,14,all_to_all,common_lookahead_token_restore,175,285,1,0,0,0
12,14,all_to_all,common_lookahead_token_restore,176,286,1,0,0,0
12,14,all_to_all,common_lookahead_token_restore,177,287,1,0,0,0
12,14,all_to_all,common_lookahead_token_restore,178,288,1,0,0,0
12,14,all_to_all,common_lookahead_token_restore,179,289,1,0,0,0
12,14,all_to_all,common_lookahead_token_restore,180,290,1,0,0,0
12,14,all_to_all,common_lookahead_token_restore,181,297,1,0,0,0
12,14,all_to_all,common_lookahead_token_restore,182,298,1,0,0,0
12,14,all_to_all,common_lookahead_token_restore,183,299,1,0,0,0
12,14,all_to_all,common_lookahead_token_restore,184,300,1,0,0,0
12,14,all_to_all,common_lookahead_token_restore,185,304,1,0,0,0
12,14,all_to_all,common_lookahead_token_restore,186,305,1,0,0,0
12,14,all_to_all,common_lookahead_token_restore,187,306,1,0,0,0
12,14,all_to_all,common_lookahead_token_restore,188,307,1,0,0,0
12,14,all_to_all,common_lookahead_token_restore,189,308,1,0,0,0
12,14,all_to_all,common_lookahead_token_restore,190,312,1,0,0,0
12,14,all_to_all,common_lookahead_token_restore,191,313,1,0,0,0
12,14,all_to_all,common_lookahead_token_restore,192,314,1,0,0,0
12,14,all_to_all,common_lookahead_token_restore,193,315,1,0,0,0
12,14,all_to_all,common_lookahead_token_restore,194,320,1,0,0,0
12,14,all_to_all,common_lookahead_token_restore,195,321,1,0,0,0
12,14,all_to_all,common_lookahead_token_restore,196,322,1,0,0,0
12,14,all_to_all,common_lookahead_token_restore,197,323,1,0,0,0
12,14,all_to_all,common_lookahead_token_restore,198,324,1,0,0,0
12,14,all_to_all,common_lookahead_token_restore,199,325,1,0,0,0
12,14,all_to_all,common_lookahead_token_restore,200,326,1,0,0,0
12,14,all_to_all,common_lookahead_token_restore,201,330,1,0,0,0
12,14,all_to_all,common_lookahead_token_restore,202,331,1,0,0,0
12,14,all_to_all,common_lookahead_token_restore,203,332,1,0,0,0
12,14,all_to_all,common_lookahead_token_restore,204,333,1,0,0,0
12,14,all_to_all,common_lookahead_token_restore,205,338,1,0,0,0
12,14,all_to_all,common_lookahead_token_restore,206,339,1,0,0,0
12,14,all_to_all,common_lookahead_token_restore,207,340,1,0,0,0
12,14,all_to_all,common_lookahead_token_restore,208,341,1,0,0,0
12,14,all_to_all,common_lookahead_token_restore,209,342,1,0,0,0
12,14,all_to_all,common_lookahead_token_restore,210,343,1,0,0,0
12,14,all_to_all,common_lookahead_token_restore,211,344,1,0,0,0
12,14,all_to_all,common_lookahead_token_restore,212,348,1,0,0,0
12,14,all_to_all,common_lookahead_token_restore,213,349,1,0,0,0
12,14,all_to_all,common_lookahead_token_restore,214,350,1,0,0,0
12,14,all_to_all,common_lookahead_token_restore,215,352,1,0,0,0
12,14,all_to_all,common_lookahead_token_restore,216,353,1,0,0,0
12,14,all_to_all,common_lookahead_token_restore,217,354,1,0,0,0
12,14,all_to_all,common_lookahead_token_restore,218,355,1,0,0,0
12,14,all_to_all,common_lookahead_token_restore,219,358,1,0,0,0
12,14,all_to_all,common_lookahead_token_restore,220,362,1,0,0,0
12,14,all_to_all,common_lookahead_token_restore,221,363,1,0,0,0
12,14,all_to_all,common_lookahead_token_restore,222,364,1,0,0,0
12,14,all_to_all,common_lookahead_token_restore,223,365,1,0,0,0
12,14,all_to_all,common_lookahead_token_restore,224,366,1,0,0,0
12,14,all_to_all,common_lookahead_token_restore,225,371,1,0,0,0
12,14,all_to_all,common_lookahead_token_restore,226,372,1,0,0,0
12,14,all_to_all,common_lookahead_token_restore,227,374,1,0,0,0
12,14,all_to_all,common_lookahead_token_restore,228,377,1,0,0,0
