A,t,seed,scramble_depth,architecture,lookahead,candidate_budget,accessible_sites,logical_depth,logical_cnot,causal_lightcone_depth_bound,routed_depth,depth_ratio,routed_cnot,swap_total,swap_movement,swap_restoration,restoration_swap_lower_bound,petz_fidelity,routed_fidelity,fidelity_difference,signed_clifford_equivalent,final_order_restored,routing_seconds,instance_elapsed_seconds,validated
9,9,20260802,6,chain,16,64,13,85,114,12,398,4.682352941176471,852,246,183,63,39,1.0,1.0,0.0,True,True,0.002144250087440014,2.6526281249243766,True
9,9,20260802,6,ring,16,64,13,85,114,6,372,4.376470588235295,636,174,167,7,6,1.0,1.0,0.0,True,True,0.001847374951466918,3.8485089580062777,True
9,9,20260802,6,grid_2d,16,64,13,85,114,6,254,2.988235294117647,408,98,78,20,15,1.0,1.0,0.0,True,True,0.0017581670545041561,4.945253832964227,True
9,9,20260802,6,all_to_all,16,64,13,85,114,1,85,1.0,114,0,0,0,0,1.0,1.0,0.0,True,True,0.0005891670007258654,5.815260624978691,True
9,9,20260803,6,chain,16,64,13,91,124,12,451,4.956043956043956,922,266,202,64,42,1.0,1.0,0.0,True,True,0.0023012920282781124,2.6520612922031432,True
9,9,20260803,6,ring,16,64,13,91,124,6,387,4.252747252747253,796,224,180,44,15,1.0,1.0,0.0,True,True,0.0020213329698890448,3.9300222501624376,True
9,9,20260803,6,grid_2d,16,64,13,91,124,6,244,2.681318681318681,442,106,78,28,15,1.0,1.0,0.0,True,True,0.00155458296649158,4.975295792100951,True
9,9,20260803,6,all_to_all,16,64,13,91,124,1,91,1.0,124,0,0,0,0,1.0,1.0,0.0,True,True,0.000588415889069438,5.836319125024602,True
9,9,20260804,6,chain,16,64,13,111,146,12,493,4.441441441441442,920,258,207,51,37,0.25,0.25,0.0,True,True,0.0024029999040067196,2.4661349579691887,True
9,9,20260804,6,ring,16,64,13,111,146,6,453,4.081081081081081,836,230,197,33,29,0.25,0.25,0.0,True,True,0.0022860828321427107,3.6714379161130637,True
9,9,20260804,6,grid_2d,16,64,13,111,146,6,346,3.1171171171171173,506,120,92,28,17,0.25,0.25,0.0,True,True,0.0017704579513520002,4.670425333082676,True
9,9,20260804,6,all_to_all,16,64,13,111,146,1,111,1.0,146,0,0,0,0,0.25,0.25,0.0,True,True,0.0006474580150097609,5.45385970803909,True
9,9,20260805,6,chain,16,64,13,84,120,12,426,5.071428571428571,846,242,174,68,42,1.0,1.0,0.0,True,True,0.002087000058963895,2.58305033412762,True
9,9,20260805,6,ring,16,64,13,84,120,6,402,4.785714285714286,792,224,196,28,19,1.0,1.0,0.0,True,True,0.002099375007674098,3.836733000120148,True
9,9,20260805,6,grid_2d,16,64,13,84,120,6,278,3.3095238095238093,462,114,86,28,16,1.0,1.0,0.0,True,True,0.0016085831448435783,4.896285624941811,True
9,9,20260805,6,all_to_all,16,64,13,84,120,1,84,1.0,120,0,0,0,0,1.0,1.0,0.0,True,True,0.0005884170532226562,5.749745292123407,True
9,9,20260806,6,chain,16,64,13,101,136,12,455,4.5049504950495045,832,232,186,46,35,0.5,0.5,0.0,True,True,0.0021997918374836445,2.564501958200708,True
9,9,20260806,6,ring,16,64,13,101,136,6,418,4.138613861386139,700,188,150,38,24,0.5,0.5,0.0,True,True,0.0018694170285016298,3.76954258303158,True
9,9,20260806,6,grid_2d,16,64,13,101,136,6,285,2.8217821782178216,436,100,78,22,12,0.5,0.5,0.0,True,True,0.0016093330923467875,4.804095791187137,True
9,9,20260806,6,all_to_all,16,64,13,101,136,1,101,1.0,136,0,0,0,0,0.5,0.5,0.0,True,True,0.0006346250884234905,5.654787625186145,True
10,12,20260802,6,chain,16,64,16,126,171,15,628,4.984126984126984,1167,332,244,88,51,1.0,1.0,0.0,True,True,0.0030507920309901237,3.7279605420771986,True
10,12,20260802,6,ring,16,64,16,126,171,8,500,3.9682539682539684,909,246,207,39,24,1.0,1.0,0.0,True,True,0.002695458009839058,5.347351792035624,True
10,12,20260802,6,grid_2d,16,64,16,126,171,6,358,2.8412698412698414,549,126,106,20,12,1.0,1.0,0.0,True,True,0.002253415994346142,6.749344500014558,True
10,12,20260802,6,all_to_all,16,64,16,126,171,1,126,1.0,171,0,0,0,0,1.0,1.0,0.0,True,True,0.0009592920541763306,7.926989916944876,True
10,12,20260803,6,chain,16,64,16,114,180,15,564,4.947368421052632,1008,276,212,64,39,1.0,1.0,0.0,True,True,0.0027474169619381428,3.6763640409335494,True
10,12,20260803,6,ring,16,64,16,114,180,8,558,4.894736842105263,960,260,216,44,25,1.0,1.0,0.0,True,True,0.0030746660195291042,5.353586707962677,True
10,12,20260803,6,grid_2d,16,64,16,114,180,6,374,3.280701754385965,540,120,98,22,15,1.0,1.0,0.0,True,True,0.0021742910612374544,6.766409249976277,True
10,12,20260803,6,all_to_all,16,64,16,114,180,1,114,1.0,180,0,0,0,0,1.0,1.0,0.0,True,True,0.001007291954010725,7.94271691609174,True
10,12,20260804,6,chain,16,64,16,115,185,15,635,5.521739130434782,1133,316,274,42,30,1.0,1.0,0.0,True,True,0.0032566660083830357,3.9968367908149958,True
10,12,20260804,6,ring,16,64,16,115,185,8,600,5.217391304347826,1151,322,246,76,37,1.0,1.0,0.0,True,True,0.0031681249383836985,5.876524457940832,True
10,12,20260804,6,grid_2d,16,64,16,115,185,6,395,3.4347826086956523,617,144,107,37,20,1.0,1.0,0.0,True,True,0.002312416210770607,7.431533749913797,True
10,12,20260804,6,all_to_all,16,64,16,115,185,1,115,1.0,185,0,0,0,0,1.0,1.0,0.0,True,True,0.0010047908872365952,8.723223707871512,True
10,12,20260805,6,chain,16,64,16,117,176,15,600,5.128205128205129,1082,302,261,41,30,1.0,1.0,0.0,True,True,0.00313887489028275,3.856232166988775,True
10,12,20260805,6,ring,16,64,16,117,176,8,588,5.0256410256410255,1148,324,260,64,36,1.0,1.0,0.0,True,True,0.0031860419549047947,5.719709625001997,True
10,12,20260805,6,grid_2d,16,64,16,117,176,6,383,3.2735042735042734,584,136,109,27,15,1.0,1.0,0.0,True,True,0.0023996250238269567,7.25495500001125,True
10,12,20260805,6,all_to_all,16,64,16,117,176,1,117,1.0,176,0,0,0,0,1.0,1.0,0.0,True,True,0.0009964159689843655,8.52879812498577,True
10,12,20260806,6,chain,16,64,16,130,184,15,555,4.269230769230769,1120,312,268,44,30,1.0,1.0,0.0,True,True,0.0031643749680370092,3.864647249924019,True
10,12,20260806,6,ring,16,64,16,130,184,8,474,3.646153846153846,1060,292,235,57,48,1.0,1.0,0.0,True,True,0.003020332893356681,5.6371282080654055,True
10,12,20260806,6,grid_2d,16,64,16,130,184,6,367,2.8230769230769233,538,118,91,27,15,1.0,1.0,0.0,True,True,0.002050166018307209,7.074365874985233,True
10,12,20260806,6,all_to_all,16,64,16,130,184,1,130,1.0,184,0,0,0,0,1.0,1.0,0.0,True,True,0.000981499906629324,8.306096957996488,True
11,12,20260802,6,chain,16,64,16,129,190,15,540,4.186046511627907,1042,284,224,60,38,1.0,1.0,0.0,True,True,0.0028448328375816345,4.5526797499042,True
11,12,20260802,6,ring,16,64,16,129,190,8,597,4.627906976744186,1168,326,266,60,34,1.0,1.0,0.0,True,True,0.0032104169949889183,6.7079162078443915,True
11,12,20260802,6,grid_2d,16,64,16,129,190,6,339,2.627906976744186,562,124,102,22,15,1.0,1.0,0.0,True,True,0.0021752500906586647,8.492021749960259,True
11,12,20260802,6,all_to_all,16,64,16,129,190,1,129,1.0,190,0,0,0,0,1.0,1.0,0.0,True,True,0.001006542006507516,10.041508957976475,True
11,12,20260803,6,chain,16,64,16,124,191,15,587,4.733870967741935,1127,312,257,55,40,1.0,1.0,0.0,True,True,0.0031730409245938063,4.629785165889189,True
11,12,20260803,6,ring,16,64,16,124,191,8,572,4.612903225806452,1193,334,258,76,36,1.0,1.0,0.0,True,True,0.0032832499127835035,6.7952797908801585,True
11,12,20260803,6,grid_2d,16,64,16,124,191,6,372,3.0,629,146,115,31,16,1.0,1.0,0.0,True,True,0.002448167186230421,8.618459125049412,True
11,12,20260803,6,all_to_all,16,64,16,124,191,1,124,1.0,191,0,0,0,0,1.0,1.0,0.0,True,True,0.00101883290335536,10.15408591600135,True
11,12,20260804,6,chain,16,64,16,124,186,15,568,4.580645161290323,1056,290,232,58,41,1.0,1.0,0.0,True,True,0.002924458123743534,4.706809916999191,True
11,12,20260804,6,ring,16,64,16,124,186,8,580,4.67741935483871,1146,320,230,90,37,1.0,1.0,0.0,True,True,0.003028708044439554,6.871896832948551,True
11,12,20260804,6,grid_2d,16,64,16,124,186,6,371,2.9919354838709675,624,146,119,27,22,1.0,1.0,0.0,True,True,0.0024849160108715296,8.757394291926175,True
11,12,20260804,6,all_to_all,16,64,16,124,186,1,124,1.0,186,0,0,0,0,1.0,1.0,0.0,True,True,0.0009924171026796103,10.332571666920558,True
11,12,20260805,6,chain,16,64,16,143,188,15,558,3.902097902097902,1064,292,258,34,28,1.0,1.0,0.0,True,True,0.0030933329835534096,4.437595166964456,True
11,12,20260805,6,ring,16,64,16,143,188,8,596,4.1678321678321675,1184,332,249,83,32,1.0,1.0,0.0,True,True,0.0031217909418046474,6.611123583978042,True
11,12,20260805,6,grid_2d,16,64,16,143,188,6,364,2.5454545454545454,584,132,109,23,16,1.0,1.0,0.0,True,True,0.0023268330842256546,8.40034858416766,True
11,12,20260805,6,all_to_all,16,64,16,143,188,1,143,1.0,188,0,0,0,0,1.0,1.0,0.0,True,True,0.0009760409593582153,9.945464584045112,True
11,12,20260806,6,chain,16,64,16,132,184,14,547,4.143939393939394,1084,300,243,57,42,1.0,1.0,0.0,True,True,0.0030442080460488796,4.5125510829966515,True
11,12,20260806,6,ring,16,64,16,132,184,8,594,4.5,1072,296,253,43,24,1.0,1.0,0.0,True,True,0.0030962079763412476,6.597104375017807,True
11,12,20260806,6,grid_2d,16,64,16,132,184,6,405,3.0681818181818183,610,142,113,29,12,1.0,1.0,0.0,True,True,0.0024160000029951334,8.389959792140871,True
11,12,20260806,6,all_to_all,16,64,16,132,184,1,132,1.0,184,0,0,0,0,1.0,1.0,0.0,True,True,0.0011130000930279493,9.921581499977037,True
12,14,20260802,6,chain,16,64,18,154,229,17,932,6.0519480519480515,1849,540,439,101,64,1.0,1.0,0.0,True,True,0.0050402500201016665,6.448153540957719,True
12,14,20260802,6,ring,16,64,18,154,229,9,915,5.941558441558442,1753,508,410,98,27,1.0,1.0,0.0,True,True,0.00488787516951561,9.426166665973142,True
12,14,20260802,6,grid_2d,16,64,18,154,229,7,464,3.012987012987013,751,174,148,26,21,1.0,1.0,0.0,True,True,0.0031458339653909206,11.800462916027755,True
12,14,20260802,6,all_to_all,16,64,18,154,229,1,154,1.0,229,0,0,0,0,1.0,1.0,0.0,True,True,0.0013406670186668634,13.86096654087305,True
12,14,20260803,6,chain,16,64,18,161,237,17,869,5.39751552795031,1701,488,431,57,42,1.0,1.0,0.0,True,True,0.005031457869336009,6.418871250003576,True
12,14,20260803,6,ring,16,64,18,161,237,9,776,4.819875776397516,1683,482,362,120,47,1.0,1.0,0.0,True,True,0.004503541858866811,9.418461833847687,True
12,14,20260803,6,grid_2d,16,64,18,161,237,7,462,2.869565217391304,801,188,163,25,16,1.0,1.0,0.0,True,True,0.003450334072113037,11.879147375002503,True
12,14,20260803,6,all_to_all,16,64,18,161,237,1,161,1.0,237,0,0,0,0,1.0,1.0,0.0,True,True,0.0013630001340061426,14.000804708804935,True
12,14,20260804,6,chain,16,64,18,154,236,17,795,5.162337662337662,1628,464,401,63,56,0.5,0.5,0.0,True,True,0.004651959054172039,5.954875709023327,True
12,14,20260804,6,ring,16,64,18,154,236,9,755,4.902597402597403,1508,424,374,50,32,0.5,0.5,0.0,True,True,0.004475124878808856,8.67779237497598,True
12,14,20260804,6,grid_2d,16,64,18,154,236,7,470,3.051948051948052,788,184,160,24,14,0.5,0.5,0.0,True,True,0.0032664169557392597,10.95219666720368,True
12,14,20260804,6,all_to_all,16,64,18,154,236,1,154,1.0,236,0,0,0,0,0.5,0.5,0.0,True,True,0.0013743748422712088,12.87337979208678,True
12,14,20260805,6,chain,16,64,18,177,242,17,755,4.265536723163842,1574,444,353,91,52,1.0,1.0,0.0,True,True,0.004319624975323677,6.353292167186737,True
12,14,20260805,6,ring,16,64,18,177,242,9,785,4.435028248587571,1598,452,354,98,58,1.0,1.0,0.0,True,True,0.004390417132526636,9.280060209101066,True
12,14,20260805,6,grid_2d,16,64,18,177,242,7,487,2.751412429378531,794,184,160,24,16,1.0,1.0,0.0,True,True,0.0033004588913172483,11.714542292058468,True
12,14,20260805,6,all_to_all,16,64,18,177,242,1,177,1.0,242,0,0,0,0,1.0,1.0,0.0,True,True,0.0013854168355464935,13.827912209089845,True
12,14,20260806,6,chain,16,64,18,145,212,16,647,4.462068965517242,1280,356,286,70,44,1.0,1.0,0.0,True,True,0.003705458017066121,5.86040566698648,True
12,14,20260806,6,ring,16,64,18,145,212,9,656,4.524137931034483,1400,396,300,96,55,1.0,1.0,0.0,True,True,0.003888125065714121,8.5488201668486,True
12,14,20260806,6,grid_2d,16,64,18,145,212,7,411,2.8344827586206898,692,160,135,25,18,1.0,1.0,0.0,True,True,0.0030483331065624952,10.817784958984703,True
12,14,20260806,6,all_to_all,16,64,18,145,212,1,145,1.0,212,0,0,0,0,1.0,1.0,0.0,True,True,0.0013014159630984068,12.78899662499316,True
